Workbook

Sheet Overview
A1: Quiz Calibration Workbook
A3: How to use
A4: 1) Go to a quiz sheet (Quiz 1 … Quiz 15).
A5: 2) Adjust Total Questions and per-set Weights (blue text / yellow fill).
A6: 3) Review weight share, expected question counts, expected correct counts.
A7: 4) Pass threshold is derived from expected correct at Ability = Quiz Level.
A8: 5) P values show estimated pass probability at Ability n-1, n-0.5, n, n+0.5 (normal approximation).
A11: Color legend
A12: Input cells (change these) | B12: Calculated cells (formulas)
A14: Quiz scopes
A15: Quiz Level | B15: Scope (S sets) | C15: Scope (L sets) | D15: Link
A16: 1 | B16: S0–S1 | C16: L2–L2 | D16: Go to Quiz 1
A17: 2 | B17: S0–S3 | C17: L2–L4 | D17: Go to Quiz 2
A18: 3 | B18: S1–S4 | C18: L3–L5 | D18: Go to Quiz 3
A19: 4 | B19: S2–S6 | C19: L4–L6 | D19: Go to Quiz 4
A20: 5 | B20: S3–S7 | C20: L5–L7 | D20: Go to Quiz 5
A21: 6 | B21: S4–S9 | C21: L6–L8 | D21: Go to Quiz 6
A22: 7 | B22: S6–S11 | C22: L7–L9 | D22: Go to Quiz 7
A23: 8 | B23: S6–S13 | C23: L8–L10 | D23: Go to Quiz 8
A24: 9 | B24: S7–S14 | C24: L9–L11 | D24: Go to Quiz 9
A25: 10 | B25: S8–S15 | C25: L10–L12 | D25: Go to Quiz 10
A26: 11 | B26: S8–S15 | C26: L11–L13 | D26: Go to Quiz 11
A27: 12 | B27: S8–S15 | C27: L12–L14 | D27: Go to Quiz 12
... A30: 15 | B30: S8–S15 | C30: L13–L15 | D30: Go to Quiz 15

Sheet AccuracyTable
A1: items | B1: set | C1: 0.5 | D1: 1 | E1: 1.5 | F1: 2 | G1: 2.5 | H1: 3 | I1: 3.5 | J1: 4 | K1: 4.5 | L1: 5 | M1: 5.5 | N1: 6 | O1: 6.5 | P1: 7 | Q1: 7.5 | R1: 8 | S1: 8.5 | T1: 9 | U1: 9.5 | V1: 10 | W1: 10.5 | X1: 11 | Y1: 11.5 | Z1: 12 | AA1: 12.5 | AB1: 13 | AC1: 13.5 | AD1: 14 | AE1: 14.5 | AF1: 15
A2: 15 | B2: S0 | C2: 0.4815 | D2: 0.7126 | E2: 0.8726 | F2: 0.9394 | G2: 0.9498 | H2: 0.95 | I2: 0.95 | J2: 0.95 | K2: 0.95 | L2: 0.95 | M2: 0.95 | N2: 0.95 | O2: 0.95 | P2: 0.95 | Q2: 0.95 | R2: 0.95 | S2: 0.95 | T2: 0.95 | U2: 0.95 | V2: 0.95 | W2: 0.95 | X2: 0.95 | Y2: 0.95 | Z2: 0.95 | AA2: 0.95 | AB2: 0.95 | AC2: 0.95 | AD2: 0.95 | AE2: 0.95 | AF2: 0.95
A3: 69 | B3: S1 | C3: 0.2159 | D3: 0.3448 | E3: 0.5047 | F3: 0.6851 | G3: 0.8599 | H3: 0.9397 | I3: 0.9494 | J3: 0.95 | K3: 0.95 | L3: 0.95 | M3: 0.95 | N3: 0.95 | O3: 0.95 | P3: 0.95 | Q3: 0.95 | R3: 0.95 | S3: 0.95 | T3: 0.95 | U3: 0.95 | V3: 0.95 | W3: 0.95 | X3: 0.95 | Y3: 0.95 | Z3: 0.95 | AA3: 0.95 | AB3: 0.95 | AC3: 0.95 | AD3: 0.95 | AE3: 0.95 | AF3: 0.95
A4: 196 | B4: S2 | C4: 0.098 | D4: 0.1587 | E4: 0.256 | F4: 0.3949 | G4: 0.5856 | H4: 0.7751 | I4: 0.8794 | J4: 0.9333 | K4: 0.9491 | L4: 0.95 | M4: 0.95 | N4: 0.95 | O4: 0.95 | P4: 0.95 | Q4: 0.95 | R4: 0.95 | S4: 0.95 | T4: 0.95 | U4: 0.95 | V4: 0.95 | W4: 0.95 | X4: 0.95 | Y4: 0.95 | Z4: 0.95 | AA4: 0.95 | AB4: 0.95 | AC4: 0.95 | AD4: 0.95 | AE4: 0.95 | AF4: 0.95
A5: 534 | B5: S3 | C5: 0.0639 | D5: 0.0844 | E5: 0.1243 | F5: 0.1981 | G5: 0.3287 | H5: 0.5005 | I5: 0.6397 | J5: 0.767 | K5: 0.8732 | L5: 0.9301 | M5: 0.9484 | N5: 0.95 | O5: 0.95 | P5: 0.95 | Q5: 0.95 | R5: 0.95 | S5: 0.95 | T5: 0.95 | U5: 0.95 | V5: 0.95 | W5: 0.95 | X5: 0.95 | Y5: 0.95 | Z5: 0.95 | AA5: 0.95 | AB5: 0.95 | AC5: 0.95 | AD5: 0.95 | AE5: 0.95 | AF5: 0.95
A6: 698 | B6: S4 | C6: 0.054 | D6: 0.0602 | E6: 0.0734 | F6: 0.1018 | G6: 0.1667 | H6: 0.284 | I6: 0.4072 | J6: 0.5484 | K6: 0.7052 | L6: 0.8333 | M6: 0.9171 | N6: 0.9465 | O6: 0.9499 | P6: 0.95 | Q6: 0.95 | R6: 0.95 | S6: 0.95 | T6: 0.95 | U6: 0.95 | V6: 0.95 | W6: 0.95 | X6: 0.95 | Y6: 0.95 | Z6: 0.95 | AA6: 0.95 | AB6: 0.95 | AC6: 0.95 | AD6: 0.95 | AE6: 0.95 | AF6: 0.95
A7: 1268 | B7: S5 | C7: 0.0518 | D7: 0.0547 | E7: 0.061 | F7: 0.0749 | G7: 0.1085 | H7: 0.1761 | I7: 0.2579 | J7: 0.3668 | K7: 0.5118 | L7: 0.6564 | M7: 0.7871 | N7: 0.8826 | O7: 0.9313 | P7: 0.9479 | Q7: 0.9499 | R7: 0.95 | S7: 0.95 | T7: 0.95 | U7: 0.95 | V7: 0.95 | W7: 0.95 | X7: 0.95 | Y7: 0.95 | Z7: 0.95 | AA7: 0.95 | AB7: 0.95 | AC7: 0.95 | AD7: 0.95 | AE7: 0.95 | AF7: 0.95
A8: 2021 | B8: S6 | C8: 0.0504 | D8: 0.0511 | E8: 0.0526 | F8: 0.0562 | G8: 0.0658 | H8: 0.0889 | I8: 0.123 | J8: 0.1806 | K8: 0.2832 | L8: 0.4197 | M8: 0.5693 | N8: 0.7008 | O8: 0.8035 | P8: 0.8837 | Q8: 0.9249 | R8: 0.9442 | S8: 0.9493 | T8: 0.95 | U8: 0.95 | V8: 0.95 | W8: 0.95 | X8: 0.95 | Y8: 0.95 | Z8: 0.95 | AA8: 0.95 | AB8: 0.95 | AC8: 0.95 | AD8: 0.95 | AE8: 0.95 | AF8: 0.95
A9: 2806 | B9: S7 | C9: 0.0501 | D9: 0.0503 | E9: 0.0508 | F9: 0.052 | G9: 0.0551 | H9: 0.0632 | I9: 0.0765 | J9: 0.102 | K9: 0.1563 | L9: 0.2499 | M9: 0.391 | N9: 0.5405 | O9: 0.6589 | P9: 0.7599 | Q9: 0.8303 | R9: 0.8885 | S9: 0.9257 | T9: 0.9442 | U9: 0.9492 | V9: 0.95 | W9: 0.95 | X9: 0.95 | Y9: 0.95 | Z9: 0.95 | AA9: 0.95 | AB9: 0.95 | AC9: 0.95 | AD9: 0.95 | AE9: 0.95 | AF9: 0.95
A10: 3785 | B10: S8 | C10: 0.0501 | D10: 0.0502 | E10: 0.0504 | F10: 0.0509 | G10: 0.0524 | H10: 0.0562 | I10: 0.0625 | J10: 0.0751 | K10: 0.1046 | L10: 0.1634 | M10: 0.2735 | N10: 0.4224 | O10: 0.5535 | P10: 0.6643 | Q10: 0.7412 | R10: 0.8082 | S10: 0.8615 | T10: 0.9045 | U10: 0.9307 | V10: 0.9445 | W10: 0.9489 | X10: 0.9499 | Y10: 0.95 | Z10: 0.95 | AA10: 0.95 | AB10: 0.95 | AC10: 0.95 | AD10: 0.95 | AE10: 0.95 | AF10: 0.95
A11: 4374 | B11: S9 | C11: 0.05 | D11: 0.0501 | E11: 0.0502 | F11: 0.0504 | G11: 0.0512 | H11: 0.0531 | I11: 0.0564 | J11: 0.0631 | K11: 0.0791 | L11: 0.1131 | M11: 0.1851 | N11: 0.3049 | O11: 0.436 | P11: 0.5548 | Q11: 0.6352 | R11: 0.7044 | S11: 0.7614 | T11: 0.8141 | U11: 0.8577 | V11: 0.8962 | W11: 0.9224 | X11: 0.9392 | Y11: 0.9466 | Z11: 0.9493 | AA11: 0.9499 | AB11: 0.95 | AC11: 0.95 | AD11: 0.95 | AE11: 0.95 | AF11: 0.95
A12: 4503 | B12: S10 | C12: 0.05 | D12: 0.05 | E12: 0.0501 | F12: 0.0502 | G12: 0.0506 | H12: 0.0516 | I12: 0.0533 | J12: 0.0568 | K12: 0.0652 | L12: 0.0837 | M12: 0.1258 | N12: 0.2072 | O12: 0.319 | P12: 0.4423 | Q12: 0.5311 | R12: 0.6075 | S12: 0.6688 | T12: 0.7233 | U12: 0.7684 | V12: 0.8122 | W12: 0.8497 | X12: 0.8849 | Y12: 0.9119 | Z12: 0.9318 | AA12: 0.943 | AB12: 0.9481 | AC12: 0.9497 | AD12: 0.95 | AE12: 0.95 | AF12: 0.95
A13: 4470 | B13: S11 | C13: 0.05 | D13: 0.05 | E13: 0.05 | F13: 0.0501 | G13: 0.0503 | H13: 0.0508 | I13: 0.0517 | J13: 0.0535 | K13: 0.058 | L13: 0.0678 | M13: 0.0913 | N13: 0.141 | O13: 0.2217 | P13: 0.3333 | Q13: 0.4278 | R13: 0.5118 | S13: 0.5783 | T13: 0.6357 | U13: 0.6814 | V13: 0.725 | W13: 0.7635 | X13: 0.8033 | Y13: 0.8395 | Z13: 0.8747 | AA13: 0.9039 | AB13: 0.9266 | AC13: 0.9407 | AD13: 0.9474 | AE13: 0.95 | AF13: 0.95
... A31: 2137 | B31: L15 | C31: 0.05 | D31: 0.05 | E31: 0.0501 | F31: 0.0502 | G31: 0.0506 | H31: 0.0517 | I31: 0.0534 | J31: 0.057 | K31: 0.0659 | L31: 0.0858 | M31: 0.1328 | N31: 0.2331 | O31: 0.3961 | P31: 0.6173 | Q31: 0.7855 | R31: 0.895 | S31: 0.9388 | T31: 0.9491 | U31: 0.95 | V31: 0.95 | W31: 0.95 | X31: 0.95 | Y31: 0.95 | Z31: 0.95 | AA31: 0.95 | AB31: 0.95 | AC31: 0.95 | AD31: 0.95 | AE31: 0.95 | AF31: 0.95

Sheet Quiz 1
A1: Quiz 1 – Scope, Weights, Thresholds, Pass Probabilities
A3: Controls (blue = editable) | D3: Threshold & pass probabilities
A4: Quiz level (n) | B4: 1 | D4: Pass threshold (expected correct at ability n) | E4: =M21 -> 14.128622
A5: Total questions (N) | B5: 31 | D5: Pass threshold (rounded up) | E5: =ROUNDUP($E$4,0) -> 15
A6: Note: Weight share is proportional to (items × weight).
A7: Ability n-1 | B7: =IF(OR($B$4-1<0.5,$B$4-1>15),"",$B$4-1) | D7: P-1 (ability n-1) | E7: =IF($B$7="",-1,IF(K24=0,IF(K21>=$E$5,1,0),1-_xludf.NORM.DIST($E$5-0.5,K21,K24,TRUE))) -> -1
A8: Ability n-0.5 | B8: =IF(OR($B$4-0.5<0.5,$B$4-0.5>15),"",$B$4-0.5) -> 0.5 | D8: P-0.5 (ability n-0.5) | E8: =IF($B$8="",-1,IF(L24=0,IF(L21>=$E$5,1,0),1-_xlfn.NORM.DIST($E$5-0.5,L21,L24,TRUE))) -> 0.015030182
A9: Ability n | B9: =$B$4 -> 1 | D9: P-0 (ability n) | E9: =IF($B$9="",-1,IF(M24=0,IF(M21>=$E$5,1,0),1-_xlfn.NORM.DIST($E$5-0.5,M21,M24,TRUE))) -> 0.44353548
A10: Ability n+0.5 | B10: =IF(OR($B$4+0.5<0.5,$B$4+0.5>15),"",$B$4+0.5) -> 1.5 | D10: P+0.5 (ability n+0.5) | E10: =IF($B$10="",-1,IF(N24=0,IF(N21>=$E$5,1,0),1-_xlfn.NORM.DIST($E$5-0.5,N21,N24,TRUE))) -> 0.96383445
E11: n-1 | F11: n-0.5 | G11: n | H11: n+0.5
D12: Mean correct | E12: =IF($B$7="","",K21) | F12: =IF($B$8="","",L21) -> 9.178852 | G12: =IF($B$9="","",M21) -> 14.128622 | H12: =IF($B$10="","",N21) -> 19.078051
D13: Accuracy % | E13: =IF($B$7="","",K21/$B$5) | F13: =IF($B$8="","",L21/$B$5) -> 0.296092 | G13: =IF($B$9="","",M21/$B$5) -> 0.455762 | H13: =IF($B$10="","",N21/$B$5) -> 0.615421
D14: Std dev correct | E14: =IF($B$7="","",K24) | F14: =IF($B$8="","",L24) -> 2.4529399 | G14: =IF($B$9="","",M24) -> 2.6151272 | H14: =IF($B$10="","",N24) -> 2.5475672
A17: Set | B17: Items | C17: Weight (per item) | D17: Items×Weight | E17: Weight share | F17: Expected questions | G17: p(correct) @ n-1 | H17: p(correct) @ n-0.5 | I17: p(correct) @ n | J17: p(correct) @ n+0.5 | K17: Exp correct @ n-1 | L17: Exp correct @ n-0.5 | M17: Exp correct @ n | N17: Exp correct @ n+0.5
A18: S0 | B18: =INDEX(AccuracyTable!$A$2:$A$31, MATCH($A18, AccuracyTable!$B$2:$B$31, 0)) -> 15 | C18: 1 | D18: =B18*C18 -> 15 | E18: =D18/SUM($D$18:$D$20) -> 0.15 | F18: =$B$5*E18 -> 4.65 | G18: =IF($B$7="","",INDEX(AccuracyTable!$C$2:$AF$31, MATCH($A18, AccuracyTable!$B$2:$B$31, 0), MATCH($B$7, AccuracyTable!$C$1:$AF$1, 0))) | H18: =IF($B$8="","",INDEX(AccuracyTable!$C$2:$AF$31, MATCH($A18, AccuracyTable!$B$2:$B$31, 0), MATCH($B$8, AccuracyTable!$C$1:$AF$1, 0))) -> 0.4815 | I18: =IF($B$9="","",INDEX(AccuracyTable!$C$2:$AF$31, MATCH($A18, AccuracyTable!$B$2:$B$31, 0), MATCH($B$9, AccuracyTable!$C$1:$AF$1, 0))) -> 0.7126 | J18: =IF($B$10="","",INDEX(AccuracyTable!$C$2:$AF$31, MATCH($A18, AccuracyTable!$B$2:$B$31, 0), MATCH($B$10, AccuracyTable!$C$1:$AF$1, 0))) -> 0.8726 | K18: =IF($B$7="","",F18*G18) | L18: =IF($B$8="","",F18*H18) -> 2.238975 | M18: =IF($B$9="","",F18*I18) -> 3.31359 | N18: =IF($B$10="","",F18*J18) -> 4.05759
A19: S1 | B19: =INDEX(AccuracyTable!$A$2:$A$31, MATCH($A19, AccuracyTable!$B$2:$B$31, 0)) -> 69 | C19: 1 | D19: =B19*C19 -> 69 | E19: =D19/SUM($D$18:$D$20) -> 0.69 | F19: =$B$5*E19 -> 21.39 | G19: =IF($B$7="","",INDEX(AccuracyTable!$C$2:$AF$31, MATCH($A19, AccuracyTable!$B$2:$B$31, 0), MATCH($B$7, AccuracyTable!$C$1:$AF$1, 0))) | H19: =IF($B$8="","",INDEX(AccuracyTable!$C$2:$AF$31, MATCH($A19, AccuracyTable!$B$2:$B$31, 0), MATCH($B$8, AccuracyTable!$C$1:$AF$1, 0))) -> 0.2159 | I19: =IF($B$9="","",INDEX(AccuracyTable!$C$2:$AF$31, MATCH($A19, AccuracyTable!$B$2:$B$31, 0), MATCH($B$9, AccuracyTable!$C$1:$AF$1, 0))) -> 0.3448 | J19: =IF($B$10="","",INDEX(AccuracyTable!$C$2:$AF$31, MATCH($A19, AccuracyTable!$B$2:$B$31, 0), MATCH($B$10, AccuracyTable!$C$1:$AF$1, 0))) -> 0.5047 | K19: =IF($B$7="","",F19*G19) | L19: =IF($B$8="","",F19*H19) -> 4.618101 | M19: =IF($B$9="","",F19*I19) -> 7.375272 | N19: =IF($B$10="","",F19*J19) -> 10.795533
A20: L2 | B20: =INDEX(AccuracyTable!$A$2:$A$31, MATCH($A20, AccuracyTable!$B$2:$B$31, 0)) -> 16 | C20: 1 | D20: =B20*C20 -> 16 | E20: =D20/SUM($D$18:$D$20) -> 0.16 | F20: =$B$5*E20 -> 4.96 | G20: =IF($B$7="","",INDEX(AccuracyTable!$C$2:$AF$31, MATCH($A20, AccuracyTable!$B$2:$B$31, 0), MATCH($B$7, AccuracyTable!$C$1:$AF$1, 0))) | H20: =IF($B$8="","",INDEX(AccuracyTable!$C$2:$AF$31, MATCH($A20, AccuracyTable!$B$2:$B$31, 0), MATCH($B$8, AccuracyTable!$C$1:$AF$1, 0))) -> 0.4681 | I20: =IF($B$9="","",INDEX(AccuracyTable!$C$2:$AF$31, MATCH($A20, AccuracyTable!$B$2:$B$31, 0), MATCH($B$9, AccuracyTable!$C$1:$AF$1, 0))) -> 0.6935 | J20: =IF($B$10="","",INDEX(AccuracyTable!$C$2:$AF$31, MATCH($A20, AccuracyTable!$B$2:$B$31, 0), MATCH($B$10, AccuracyTable!$C$1:$AF$1, 0))) -> 0.8518 | K20: =IF($B$7="","",F20*G20) | L20: =IF($B$8="","",F20*H20) -> 2.321776 | M20: =IF($B$9="","",F20*I20) -> 3.43976 | N20: =IF($B$10="","",F20*J20) -> 4.224928
A21: TOTAL | D21: =SUM($D$18:$D$20) -> 100 | E21: =SUM($E$18:$E$20) -> 1 | F21: =SUM($F$18:$F$20) -> 31 | K21: =SUM($K$18:$K$20) -> 0 | L21: =SUM($L$18:$L$20) -> 9.178852 | M21: =SUM($M$18:$M$20) -> 14.128622 | N21: =SUM($N$18:$N$20) -> 19.078051
A23: Variance (approx) | K23: =IF($B$7="","",SUMPRODUCT($F$18:$F$20,$G$18:$G$20,(1-$G$18:$G$20))) | L23: =IF($B$8="","",SUMPRODUCT($F$18:$F$20,$H$18:$H$20,(1-$H$18:$H$20))) -> 6.0169142 | M23: =IF($B$9="","",SUMPRODUCT($F$18:$F$20,$I$18:$I$20,(1-$I$18:$I$20))) -> 6.8388904 | N23: =IF($B$10="","",SUMPRODUCT($F$18:$F$20,$J$18:$J$20,(1-$J$18:$J$20))) -> 6.4900988
A24: Std dev (approx) | K24: =IF($B$7="","",SQRT(K23)) | L24: =IF($B$8="","",SQRT(L23)) -> 2.4529399 | M24: =IF($B$9="","",SQRT(M23)) -> 2.6151272 | N24: =IF($B$10="","",SQRT(N23)) -> 2.5475672

Sheet Quiz 2
A1: Quiz 2 – Scope, Weights, Thresholds, Pass Probabilities
A3: Controls (blue = editable) | D3: Threshold & pass probabilities
A4: Quiz level (n) | B4: 2 | D4: Pass threshold (expected correct at ability n) | E4: =M25 -> 39.409155 | F4: =$M$25 -> 39.409155
A5: Total questions (N) | B5: 91 | D5: Pass threshold (rounded up) | E5: =ROUNDUP($E$4,0) -> 40
A6: Note: Weight share is proportional to (items × weight).
A7: Ability n-1 | B7: =IF(OR($B$4-1<0.5,$B$4-1>15),"",$B$4-1) -> 1 | D7: P-1 (ability n-1) | E7: =IF($B$7="",-1,IF(K28=0,IF(K25>=$E$5,1,0),1-_xlfn.NORM.DIST($E$5-0.5,K25,K28,TRUE))) -> 3.0544298e-09
A8: Ability n-0.5 | B8: =IF(OR($B$4-0.5<0.5,$B$4-0.5>15),"",$B$4-0.5) -> 1.5 | D8: P-0.5 (ability n-0.5) | E8: =IF($B$8="",-1,IF(L28=0,IF(L25>=$E$5,1,0),1-_xlfn.NORM.DIST($E$5-0.5,L25,L28,TRUE))) -> 0.0016165736
A9: Ability n | B9: =$B$4 -> 2 | D9: P-0 (ability n) | E9: =IF($B$9="",-1,IF(M28=0,IF(M25>=$E$5,1,0),1-_xlfn.NORM.DIST($E$5-0.5,M25,M28,TRUE))) -> 0.49162052
A10: Ability n+0.5 | B10: =IF(OR($B$4+0.5<0.5,$B$4+0.5>15),"",$B$4+0.5) -> 2.5 | D10: P+0.5 (ability n+0.5) | E10: =IF($B$10="",-1,IF(N28=0,IF(N25>=$E$5,1,0),1-_xlfn.NORM.DIST($E$5-0.5,N25,N28,TRUE))) -> 0.99981401
E11: n-1 | F11: n-0.5 | G11: n | H11: n+0.5
D12: Mean correct | E12: =IF($B$7="","",K25) -> 18.716442 | F12: =IF($B$8="","",L25) -> 27.687175 | G12: =IF($B$9="","",M25) -> 39.409155 | H12: =IF($B$10="","",N25) -> 54.809234
D13: Accuracy % | E13: =IF($B$7="","",K25/$B$5) -> 0.20567519 | F13: =IF($B$8="","",L25/$B$5) -> 0.30425467 | G13: =IF($B$9="","",M25/$B$5) -> 0.43306764 | H13: =IF($B$10="","",N25/$B$5) -> 0.60229928
D14: Std dev correct | E14: =IF($B$7="","",K28) -> 3.574897 | F14: =IF($B$8="","",L28) -> 4.0116158 | G14: =IF($B$9="","",M28) -> 4.3247468 | H14: =IF($B$10="","",N28) -> 4.3013103
A17: Set | B17: Items | C17: Weight (per item) | D17: Items×Weight | E17: Weight share | F17: Expected questions | G17: p(correct) @ n-1 | H17: p(correct) @ n-0.5 | I17: p(correct) @ n | J17: p(correct) @ n+0.5 | K17: Exp correct @ n-1 | L17: Exp correct @ n-0.5 | M17: Exp correct @ n | N17: Exp correct @ n+0.5
A18: S0 | B18: =INDEX(AccuracyTable!$A$2:$A$31, MATCH($A18, AccuracyTable!$B$2:$B$31, 0)) -> 15 | C18: 1 | D18: =B18*C18 -> 15 | E18: =D18/SUM($D$18:$D$24) -> 0.0284522 | F18: =$B$5*E18 -> 2.5891502 | G18: =IF($B$7="","",INDEX(AccuracyTable!$C$2:$AF$31, MATCH($A18, AccuracyTable!$B$2:$B$31, 0), MATCH($B$7, AccuracyTable!$C$1:$AF$1, 0))) -> 0.7126 | H18: =IF($B$8="","",INDEX(AccuracyTable!$C$2:$AF$31, MATCH($A18, AccuracyTable!$B$2:$B$31, 0), MATCH($B$8, AccuracyTable!$C$1:$AF$1, 0))) -> 0.8726 | I18: =IF($B$9="","",INDEX(AccuracyTable!$C$2:$AF$31, MATCH($A18, AccuracyTable!$B$2:$B$31, 0), MATCH($B$9, AccuracyTable!$C$1:$AF$1, 0))) -> 0.9394 | J18: =IF($B$10="","",INDEX(AccuracyTable!$C$2:$AF$31, MATCH($A18, AccuracyTable!$B$2:$B$31, 0), MATCH($B$10, AccuracyTable!$C$1:$AF$1, 0))) -> 0.9498 | K18: =IF($B$7="","",F18*G18) -> 1.8450285 | L18: =IF($B$8="","",F18*H18) -> 2.2592925 | M18: =IF($B$9="","",F18*I18) -> 2.4322477 | N18: =IF($B$10="","",F18*J18) -> 2.4591749
A19: S1 | B19: =INDEX(AccuracyTable!$A$2:$A$31, MATCH($A19, AccuracyTable!$B$2:$B$31, 0)) -> 69 | C19: 1.4 | D19: =B19*C19 -> 96.6 | E19: =D19/SUM($D$18:$D$24) -> 0.18323217 | F19: =$B$5*E19 -> 16.674127 | G19: =IF($B$7="","",INDEX(AccuracyTable!$C$2:$AF$31, MATCH($A19, AccuracyTable!$B$2:$B$31, 0), MATCH($B$7, AccuracyTable!$C$1:$AF$1, 0))) -> 0.3448 | H19: =IF($B$8="","",INDEX(AccuracyTable!$C$2:$AF$31, MATCH($A19, AccuracyTable!$B$2:$B$31, 0), MATCH($B$8, AccuracyTable!$C$1:$AF$1, 0))) -> 0.5047 | I19: =IF($B$9="","",INDEX(AccuracyTable!$C$2:$AF$31, MATCH($A19, AccuracyTable!$B$2:$B$31, 0), MATCH($B$9, AccuracyTable!$C$1:$AF$1, 0))) -> 0.6851 | J19: =IF($B$10="","",INDEX(AccuracyTable!$C$2:$AF$31, MATCH($A19, AccuracyTable!$B$2:$B$31, 0), MATCH($B$10, AccuracyTable!$C$1:$AF$1, 0))) -> 0.8599 | K19: =IF($B$7="","",F19*G19) -> 5.7492392 | L19: =IF($B$8="","",F19*H19) -> 8.4154321 | M19: =IF($B$9="","",F19*I19) -> 11.423445 | N19: =IF($B$10="","",F19*J19) -> 14.338082
A20: S2 | B20: =INDEX(AccuracyTable!$A$2:$A$31, MATCH($A20, AccuracyTable!$B$2:$B$31, 0)) -> 196 | C20: 1.3 | D20: =B20*C20 -> 254.8 | E20: =D20/SUM($D$18:$D$24) -> 0.48330804 | F20: =$B$5*E20 -> 43.981032 | G20: =IF($B$7="","",INDEX(AccuracyTable!$C$2:$AF$31, MATCH($A20, AccuracyTable!$B$2:$B$31, 0), MATCH($B$7, AccuracyTable!$C$1:$AF$1, 0))) -> 0.1587 | H20: =IF($B$8="","",INDEX(AccuracyTable!$C$2:$AF$31, MATCH($A20, AccuracyTable!$B$2:$B$31, 0), MATCH($B$8, AccuracyTable!$C$1:$AF$1, 0))) -> 0.256 | I20: =IF($B$9="","",INDEX(AccuracyTable!$C$2:$AF$31, MATCH($A20, AccuracyTable!$B$2:$B$31, 0), MATCH($B$9, AccuracyTable!$C$1:$AF$1, 0))) -> 0.3949 | J20: =IF($B$10="","",INDEX(AccuracyTable!$C$2:$AF$31, MATCH($A20, AccuracyTable!$B$2:$B$31, 0), MATCH($B$10, AccuracyTable!$C$1:$AF$1, 0))) -> 0.5856 | K20: =IF($B$7="","",F20*G20) -> 6.9797898 | L20: =IF($B$8="","",F20*H20) -> 11.259144 | M20: =IF($B$9="","",F20*I20) -> 17.368109 | N20: =IF($B$10="","",F20*J20) -> 25.755292
A21: S3 | B21: =INDEX(AccuracyTable!$A$2:$A$31, MATCH($A21, AccuracyTable!$B$2:$B$31, 0)) -> 534 | C21: 0.2 | D21: =B21*C21 -> 106.8 | E21: =D21/SUM($D$18:$D$24) -> 0.20257967 | F21: =$B$5*E21 -> 18.43475 | G21: =IF($B$7="","",INDEX(AccuracyTable!$C$2:$AF$31, MATCH($A21, AccuracyTable!$B$2:$B$31, 0), MATCH($B$7, AccuracyTable!$C$1:$AF$1, 0))) -> 0.0844 | H21: =IF($B$8="","",INDEX(AccuracyTable!$C$2:$AF$31, MATCH($A21, AccuracyTable!$B$2:$B$31, 0), MATCH($B$8, AccuracyTable!$C$1:$AF$1, 0))) -> 0.1243 | I21: =IF($B$9="","",INDEX(AccuracyTable!$C$2:$AF$31, MATCH($A21, AccuracyTable!$B$2:$B$31, 0), MATCH($B$9, AccuracyTable!$C$1:$AF$1, 0))) -> 0.1981 | J21: =IF($B$10="","",INDEX(AccuracyTable!$C$2:$AF$31, MATCH($A21, AccuracyTable!$B$2:$B$31, 0), MATCH($B$10, AccuracyTable!$C$1:$AF$1, 0))) -> 0.3287 | K21: =IF($B$7="","",F21*G21) -> 1.5558929 | L21: =IF($B$8="","",F21*H21) -> 2.2914394 | M21: =IF($B$9="","",F21*I21) -> 3.6519239 | N21: =IF($B$10="","",F21*J21) -> 6.0595022
A22: L2 | B22: =INDEX(AccuracyTable!$A$2:$A$31, MATCH($A22, AccuracyTable!$B$2:$B$31, 0)) -> 16 | C22: 1 | D22: =B22*C22 -> 16 | E22: =D22/SUM($D$18:$D$24) -> 0.030349014 | F22: =$B$5*E22 -> 2.7617602 | G22: =IF($B$7="","",INDEX(AccuracyTable!$C$2:$AF$31, MATCH($A22, AccuracyTable!$B$2:$B$31, 0), MATCH($B$7, AccuracyTable!$C$1:$AF$1, 0))) -> 0.6935 | H22: =IF($B$8="","",INDEX(AccuracyTable!$C$2:$AF$31, MATCH($A22, AccuracyTable!$B$2:$B$31, 0), MATCH($B$8, AccuracyTable!$C$1:$AF$1, 0))) -> 0.8518 | I22: =IF($B$9="","",INDEX(AccuracyTable!$C$2:$AF$31, MATCH($A22, AccuracyTable!$B$2:$B$31, 0), MATCH($B$9, AccuracyTable!$C$1:$AF$1, 0))) -> 0.9221 | J22: =IF($B$10="","",INDEX(AccuracyTable!$C$2:$AF$31, MATCH($A22, AccuracyTable!$B$2:$B$31, 0), MATCH($B$10, AccuracyTable!$C$1:$AF$1, 0))) -> 0.946 | K22: =IF($B$7="","",F22*G22) -> 1.9152807 | L22: =IF($B$8="","",F22*H22) -> 2.3524674 | M22: =IF($B$9="","",F22*I22) -> 2.5466191 | N22: =IF($B$10="","",F22*J22) -> 2.6126252
A23: L3 | B23: =INDEX(AccuracyTable!$A$2:$A$31, MATCH($A23, AccuracyTable!$B$2:$B$31, 0)) -> 36 | C23: 0.5 | D23: =B23*C23 -> 18 | E23: =D23/SUM($D$18:$D$24) -> 0.03414264 | F23: =$B$5*E23 -> 3.1069803 | G23: =IF($B$7="","",INDEX(AccuracyTable!$C$2:$AF$31, MATCH($A23, AccuracyTable!$B$2:$B$31, 0), MATCH($B$7, AccuracyTable!$C$1:$AF$1, 0))) -> 0.1267 | H23: =IF($B$8="","",INDEX(AccuracyTable!$C$2:$AF$31, MATCH($A23, AccuracyTable!$B$2:$B$31, 0), MATCH($B$8, AccuracyTable!$C$1:$AF$1, 0))) -> 0.2224 | I23: =IF($B$9="","",INDEX(AccuracyTable!$C$2:$AF$31, MATCH($A23, AccuracyTable!$B$2:$B$31, 0), MATCH($B$9, AccuracyTable!$C$1:$AF$1, 0))) -> 0.4058 | J23: =IF($B$10="","",INDEX(AccuracyTable!$C$2:$AF$31, MATCH($A23, AccuracyTable!$B$2:$B$31, 0), MATCH($B$10, AccuracyTable!$C$1:$AF$1, 0))) -> 0.6996 | K23: =IF($B$7="","",F23*G23) -> 0.3936544 | L23: =IF($B$8="","",F23*H23) -> 0.69099241 | M23: =IF($B$9="","",F23*I23) -> 1.2608126 | N23: =IF($B$10="","",F23*J23) -> 2.1736434
A24: L4 | B24: =INDEX(AccuracyTable!$A$2:$A$31, MATCH($A24, AccuracyTable!$B$2:$B$31, 0)) -> 100 | C24: 0.2 | D24: =B24*C24 -> 20 | E24: =D24/SUM($D$18:$D$24) -> 0.037936267 | F24: =$B$5*E24 -> 3.4522003 | G24: =IF($B$7="","",INDEX(AccuracyTable!$C$2:$AF$31, MATCH($A24, AccuracyTable!$B$2:$B$31, 0), MATCH($B$7, AccuracyTable!$C$1:$AF$1, 0))) -> 0.0804 | H24: =IF($B$8="","",INDEX(AccuracyTable!$C$2:$AF$31, MATCH($A24, AccuracyTable!$B$2:$B$31, 0), MATCH($B$8, AccuracyTable!$C$1:$AF$1, 0))) -> 0.1212 | I24: =IF($B$9="","",INDEX(AccuracyTable!$C$2:$AF$31, MATCH($A24, AccuracyTable!$B$2:$B$31, 0), MATCH($B$9, AccuracyTable!$C$1:$AF$1, 0))) -> 0.2103 | J24: =IF($B$10="","",INDEX(AccuracyTable!$C$2:$AF$31, MATCH($A24, AccuracyTable!$B$2:$B$31, 0), MATCH($B$10, AccuracyTable!$C$1:$AF$1, 0))) -> 0.4087 | K24: =IF($B$7="","",F24*G24) -> 0.2775569 | L24: =IF($B$8="","",F24*H24) -> 0.41840668 | M24: =IF($B$9="","",F24*I24) -> 0.72599772 | N24: =IF($B$10="","",F24*J24) -> 1.4109143
A25: TOTAL | D25: =SUM($D$18:$D$24) -> 527.2 | E25: =SUM($E$18:$E$24) -> 1 | F25: =SUM($F$18:$F$24) -> 91 | K25: =SUM($K$18:$K$24) -> 18.716442 | L25: =SUM($L$18:$L$24) -> 27.687175 | M25: =SUM($M$18:$M$24) -> 39.409155 | N25: =SUM($N$18:$N$24) -> 54.809234
A27: Variance (approx) | K27: =IF($B$7="","",SUMPRODUCT($F$18:$F$24,$G$18:$G$24,(1-$G$18:$G$24))) -> 12.779889 | L27: =IF($B$8="","",SUMPRODUCT($F$18:$F$24,$H$18:$H$24,(1-$H$18:$H$24))) -> 16.093061 | M27: =IF($B$9="","",SUMPRODUCT($F$18:$F$24,$I$18:$I$24,(1-$I$18:$I$24))) -> 18.703435 | N27: =IF($B$10="","",SUMPRODUCT($F$18:$F$24,$J$18:$J$24,(1-$J$18:$J$24))) -> 18.501271
A28: Std dev (approx) | K28: =IF($B$7="","",SQRT(K27)) -> 3.574897 | L28: =IF($B$8="","",SQRT(L27)) -> 4.0116158 | M28: =IF($B$9="","",SQRT(M27)) -> 4.3247468 | N28: =IF($B$10="","",SQRT(N27)) -> 4.3013103

Sheet Quiz 3
A1: Quiz 3 – Scope, Weights, Thresholds, Pass Probabilities
A3: Controls (blue = editable) | D3: Threshold & pass probabilities
A4: Quiz level (n) | B4: 3 | D4: Pass threshold (expected correct at ability n) | E4: =M25 -> 39.221046
A5: Total questions (N) | B5: 73 | D5: Pass threshold (rounded up) | E5: =ROUNDUP($E$4,0) -> 40
A6: Note: Weight share is proportional to (items × weight).
A7: Ability n-1 | B7: =IF(OR($B$4-1<0.5,$B$4-1>15),"",$B$4-1) -> 2 | D7: P-1 (ability n-1) | E7: =IF($B$7="",-1,IF(K28=0,IF(K25>=$E$5,1,0),1-_xlfn.NORM.DIST($E$5-0.5,K25,K28,TRUE))) -> 1.3916979e-11
A8: Ability n-0.5 | B8: =IF(OR($B$4-0.5<0.5,$B$4-0.5>15),"",$B$4-0.5) -> 2.5 | D8: P-0.5 (ability n-0.5) | E8: =IF($B$8="",-1,IF(L28=0,IF(L25>=$E$5,1,0),1-_xlfn.NORM.DIST($E$5-0.5,L25,L28,TRUE))) -> 0.00040150665
A9: Ability n | B9: =$B$4 -> 3 | D9: P-0 (ability n) | E9: =IF($B$9="",-1,IF(M28=0,IF(M25>=$E$5,1,0),1-_xlfn.NORM.DIST($E$5-0.5,M25,M28,TRUE))) -> 0.47182439
A10: Ability n+0.5 | B10: =IF(OR($B$4+0.5<0.5,$B$4+0.5>15),"",$B$4+0.5) -> 3.5 | D10: P+0.5 (ability n+0.5) | E10: =IF($B$10="",-1,IF(N28=0,IF(N25>=$E$5,1,0),1-_xlfn.NORM.DIST($E$5-0.5,N25,N28,TRUE))) -> 0.99375744
E11: n-1 | F11: n-0.5 | G11: n | H11: n+0.5
D12: Mean correct | E12: =IF($B$7="","",K25) -> 16.831403 | F12: =IF($B$8="","",L25) -> 26.666899 | G12: =IF($B$9="","",M25) -> 39.221046 | H12: =IF($B$10="","",N25) -> 48.852111
D13: Accuracy % | E13: =IF($B$7="","",K25/$B$5) -> 0.23056716 | F13: =IF($B$8="","",L25/$B$5) -> 0.36529999 | G13: =IF($B$9="","",M25/$B$5) -> 0.5372746 | H13: =IF($B$10="","",N25/$B$5) -> 0.669207
D14: Std dev correct | E14: =IF($B$7="","",K28) -> 3.4049215 | F14: =IF($B$8="","",L28) -> 3.8287717 | G14: =IF($B$9="","",M28) -> 3.9464634 | H14: =IF($B$10="","",N28) -> 3.7436483
A17: Set | B17: Items | C17: Weight (per item) | D17: Items×Weight | E17: Weight share | F17: Expected questions | G17: p(correct) @ n-1 | H17: p(correct) @ n-0.5 | I17: p(correct) @ n | J17: p(correct) @ n+0.5 | K17: Exp correct @ n-1 | L17: Exp correct @ n-0.5 | M17: Exp correct @ n | N17: Exp correct @ n+0.5
A18: S1 | B18: =INDEX(AccuracyTable!$A$2:$A$31, MATCH($A18, AccuracyTable!$B$2:$B$31, 0)) -> 69 | C18: 1 | D18: =B18*C18 -> 69 | E18: =D18/SUM($D$18:$D$24) -> 0.040607345 | F18: =$B$5*E18 -> 2.9643362 | G18: =IF($B$7="","",INDEX(AccuracyTable!$C$2:$AF$31, MATCH($A18, AccuracyTable!$B$2:$B$31, 0), MATCH($B$7, AccuracyTable!$C$1:$AF$1, 0))) -> 0.6851 | H18: =IF($B$8="","",INDEX(AccuracyTable!$C$2:$AF$31, MATCH($A18, AccuracyTable!$B$2:$B$31, 0), MATCH($B$8, AccuracyTable!$C$1:$AF$1, 0))) -> 0.8599 | I18: =IF($B$9="","",INDEX(AccuracyTable!$C$2:$AF$31, MATCH($A18, AccuracyTable!$B$2:$B$31, 0), MATCH($B$9, AccuracyTable!$C$1:$AF$1, 0))) -> 0.9397 | J18: =IF($B$10="","",INDEX(AccuracyTable!$C$2:$AF$31, MATCH($A18, AccuracyTable!$B$2:$B$31, 0), MATCH($B$10, AccuracyTable!$C$1:$AF$1, 0))) -> 0.9494 | K18: =IF($B$7="","",F18*G18) -> 2.0308667 | L18: =IF($B$8="","",F18*H18) -> 2.5490327 | M18: =IF($B$9="","",F18*I18) -> 2.7855867 | N18: =IF($B$10="","",F18*J18) -> 2.8143407
A19: S2 | B19: =INDEX(AccuracyTable!$A$2:$A$31, MATCH($A19, AccuracyTable!$B$2:$B$31, 0)) -> 196 | C19: 1.5 | D19: =B19*C19 -> 294 | E19: =D19/SUM($D$18:$D$24) -> 0.1730226 | F19: =$B$5*E19 -> 12.63065 | G19: =IF($B$7="","",INDEX(AccuracyTable!$C$2:$AF$31, MATCH($A19, AccuracyTable!$B$2:$B$31, 0), MATCH($B$7, AccuracyTable!$C$1:$AF$1, 0))) -> 0.3949 | H19: =IF($B$8="","",INDEX(AccuracyTable!$C$2:$AF$31, MATCH($A19, AccuracyTable!$B$2:$B$31, 0), MATCH($B$8, AccuracyTable!$C$1:$AF$1, 0))) -> 0.5856 | I19: =IF($B$9="","",INDEX(AccuracyTable!$C$2:$AF$31, MATCH($A19, AccuracyTable!$B$2:$B$31, 0), MATCH($B$9, AccuracyTable!$C$1:$AF$1, 0))) -> 0.7751 | J19: =IF($B$10="","",INDEX(AccuracyTable!$C$2:$AF$31, MATCH($A19, AccuracyTable!$B$2:$B$31, 0), MATCH($B$10, AccuracyTable!$C$1:$AF$1, 0))) -> 0.8794 | K19: =IF($B$7="","",F19*G19) -> 4.9878436 | L19: =IF($B$8="","",F19*H19) -> 7.3965085 | M19: =IF($B$9="","",F19*I19) -> 9.7900166 | N19: =IF($B$10="","",F19*J19) -> 11.107393
A20: S3 | B20: =INDEX(AccuracyTable!$A$2:$A$31, MATCH($A20, AccuracyTable!$B$2:$B$31, 0)) -> 534 | C20: 1.3 | D20: =B20*C20 -> 694.2 | E20: =D20/SUM($D$18:$D$24) -> 0.4085452 | F20: =$B$5*E20 -> 29.823799 | G20: =IF($B$7="","",INDEX(AccuracyTable!$C$2:$AF$31, MATCH($A20, AccuracyTable!$B$2:$B$31, 0), MATCH($B$7, AccuracyTable!$C$1:$AF$1, 0))) -> 0.1981 | H20: =IF($B$8="","",INDEX(AccuracyTable!$C$2:$AF$31, MATCH($A20, AccuracyTable!$B$2:$B$31, 0), MATCH($B$8, AccuracyTable!$C$1:$AF$1, 0))) -> 0.3287 | I20: =IF($B$9="","",INDEX(AccuracyTable!$C$2:$AF$31, MATCH($A20, AccuracyTable!$B$2:$B$31, 0), MATCH($B$9, AccuracyTable!$C$1:$AF$1, 0))) -> 0.5005 | J20: =IF($B$10="","",INDEX(AccuracyTable!$C$2:$AF$31, MATCH($A20, AccuracyTable!$B$2:$B$31, 0), MATCH($B$10, AccuracyTable!$C$1:$AF$1, 0))) -> 0.6397 | K20: =IF($B$7="","",F20*G20) -> 5.9080947 | L20: =IF($B$8="","",F20*H20) -> 9.8030829 | M20: =IF($B$9="","",F20*I20) -> 14.926812 | N20: =IF($B$10="","",F20*J20) -> 19.078284
A21: S4 | B21: =INDEX(AccuracyTable!$A$2:$A$31, MATCH($A21, AccuracyTable!$B$2:$B$31, 0)) -> 698 | C21: 0.5 | D21: =B21*C21 -> 349 | E21: =D21/SUM($D$18:$D$24) -> 0.20539077 | F21: =$B$5*E21 -> 14.993526 | G21: =IF($B$7="","",INDEX(AccuracyTable!$C$2:$AF$31, MATCH($A21, AccuracyTable!$B$2:$B$31, 0), MATCH($B$7, AccuracyTable!$C$1:$AF$1, 0))) -> 0.1018 | H21: =IF($B$8="","",INDEX(AccuracyTable!$C$2:$AF$31, MATCH($A21, AccuracyTable!$B$2:$B$31, 0), MATCH($B$8, AccuracyTable!$C$1:$AF$1, 0))) -> 0.1667 | I21: =IF($B$9="","",INDEX(AccuracyTable!$C$2:$AF$31, MATCH($A21, AccuracyTable!$B$2:$B$31, 0), MATCH($B$9, AccuracyTable!$C$1:$AF$1, 0))) -> 0.284 | J21: =IF($B$10="","",INDEX(AccuracyTable!$C$2:$AF$31, MATCH($A21, AccuracyTable!$B$2:$B$31, 0), MATCH($B$10, AccuracyTable!$C$1:$AF$1, 0))) -> 0.4072 | K21: =IF($B$7="","",F21*G21) -> 1.526341 | L21: =IF($B$8="","",F21*H21) -> 2.4994208 | M21: =IF($B$9="","",F21*I21) -> 4.2581615 | N21: =IF($B$10="","",F21*J21) -> 6.1053639
A22: L3 | B22: =INDEX(AccuracyTable!$A$2:$A$31, MATCH($A22, AccuracyTable!$B$2:$B$31, 0)) -> 36 | C22: 1 | D22: =B22*C22 -> 36 | E22: =D22/SUM($D$18:$D$24) -> 0.021186441 | F22: =$B$5*E22 -> 1.5466102 | G22: =IF($B$7="","",INDEX(AccuracyTable!$C$2:$AF$31, MATCH($A22, AccuracyTable!$B$2:$B$31, 0), MATCH($B$7, AccuracyTable!$C$1:$AF$1, 0))) -> 0.4058 | H22: =IF($B$8="","",INDEX(AccuracyTable!$C$2:$AF$31, MATCH($A22, AccuracyTable!$B$2:$B$31, 0), MATCH($B$8, AccuracyTable!$C$1:$AF$1, 0))) -> 0.6996 | I22: =IF($B$9="","",INDEX(AccuracyTable!$C$2:$AF$31, MATCH($A22, AccuracyTable!$B$2:$B$31, 0), MATCH($B$9, AccuracyTable!$C$1:$AF$1, 0))) -> 0.909 | J22: =IF($B$10="","",INDEX(AccuracyTable!$C$2:$AF$31, MATCH($A22, AccuracyTable!$B$2:$B$31, 0), MATCH($B$10, AccuracyTable!$C$1:$AF$1, 0))) -> 0.947 | K22: =IF($B$7="","",F22*G22) -> 0.62761441 | L22: =IF($B$8="","",F22*H22) -> 1.0820085 | M22: =IF($B$9="","",F22*I22) -> 1.4058686 | N22: =IF($B$10="","",F22*J22) -> 1.4646398
A23: L4 | B23: =INDEX(AccuracyTable!$A$2:$A$31, MATCH($A23, AccuracyTable!$B$2:$B$31, 0)) -> 100 | C23: 1 | D23: =B23*C23 -> 100 | E23: =D23/SUM($D$18:$D$24) -> 0.058851224 | F23: =$B$5*E23 -> 4.2961394 | G23: =IF($B$7="","",INDEX(AccuracyTable!$C$2:$AF$31, MATCH($A23, AccuracyTable!$B$2:$B$31, 0), MATCH($B$7, AccuracyTable!$C$1:$AF$1, 0))) -> 0.2103 | H23: =IF($B$8="","",INDEX(AccuracyTable!$C$2:$AF$31, MATCH($A23, AccuracyTable!$B$2:$B$31, 0), MATCH($B$8, AccuracyTable!$C$1:$AF$1, 0))) -> 0.4087 | I23: =IF($B$9="","",INDEX(AccuracyTable!$C$2:$AF$31, MATCH($A23, AccuracyTable!$B$2:$B$31, 0), MATCH($B$9, AccuracyTable!$C$1:$AF$1, 0))) -> 0.7003 | J23: =IF($B$10="","",INDEX(AccuracyTable!$C$2:$AF$31, MATCH($A23, AccuracyTable!$B$2:$B$31, 0), MATCH($B$10, AccuracyTable!$C$1:$AF$1, 0))) -> 0.8737 | K23: =IF($B$7="","",F23*G23) -> 0.90347811 | L23: =IF($B$8="","",F23*H23) -> 1.7558322 | M23: =IF($B$9="","",F23*I23) -> 3.0085864 | N23: =IF($B$10="","",F23*J23) -> 3.753537
A24: L5 | B24: =INDEX(AccuracyTable!$A$2:$A$31, MATCH($A24, AccuracyTable!$B$2:$B$31, 0)) -> 314 | C24: 0.5 | D24: =B24*C24 -> 157 | E24: =D24/SUM($D$18:$D$24) -> 0.092396422 | F24: =$B$5*E24 -> 6.7449388 | G24: =IF($B$7="","",INDEX(AccuracyTable!$C$2:$AF$31, MATCH($A24, AccuracyTable!$B$2:$B$31, 0), MATCH($B$7, AccuracyTable!$C$1:$AF$1, 0))) -> 0.1256 | H24: =IF($B$8="","",INDEX(AccuracyTable!$C$2:$AF$31, MATCH($A24, AccuracyTable!$B$2:$B$31, 0), MATCH($B$8, AccuracyTable!$C$1:$AF$1, 0))) -> 0.2344 | I24: =IF($B$9="","",INDEX(AccuracyTable!$C$2:$AF$31, MATCH($A24, AccuracyTable!$B$2:$B$31, 0), MATCH($B$9, AccuracyTable!$C$1:$AF$1, 0))) -> 0.4516 | J24: =IF($B$10="","",INDEX(AccuracyTable!$C$2:$AF$31, MATCH($A24, AccuracyTable!$B$2:$B$31, 0), MATCH($B$10, AccuracyTable!$C$1:$AF$1, 0))) -> 0.6714 | K24: =IF($B$7="","",F24*G24) -> 0.84716431 | L24: =IF($B$8="","",F24*H24) -> 1.5810137 | M24: =IF($B$9="","",F24*I24) -> 3.0460144 | N24: =IF($B$10="","",F24*J24) -> 4.5285519
A25: TOTAL | D25: =SUM($D$18:$D$24) -> 1699.2 | E25: =SUM($E$18:$E$24) -> 1 | F25: =SUM($F$18:$F$24) -> 73 | K25: =SUM($K$18:$K$24) -> 16.831403 | L25: =SUM($L$18:$L$24) -> 26.666899 | M25: =SUM($M$18:$M$24) -> 39.221046 | N25: =SUM($N$18:$N$24) -> 48.852111
A27: Variance (approx) | K27: =IF($B$7="","",SUMPRODUCT($F$18:$F$24,$G$18:$G$24,(1-$G$18:$G$24))) -> 11.59349 | L27: =IF($B$8="","",SUMPRODUCT($F$18:$F$24,$H$18:$H$24,(1-$H$18:$H$24))) -> 14.659492 | M27: =IF($B$9="","",SUMPRODUCT($F$18:$F$24,$I$18:$I$24,(1-$I$18:$I$24))) -> 15.574573 | N27: =IF($B$10="","",SUMPRODUCT($F$18:$F$24,$J$18:$J$24,(1-$J$18:$J$24))) -> 14.014903
A28: Std dev (approx) | K28: =IF($B$7="","",SQRT(K27)) -> 3.4049215 | L28: =IF($B$8="","",SQRT(L27)) -> 3.8287717 | M28: =IF($B$9="","",SQRT(M27)) -> 3.9464634 | N28: =IF($B$10="","",SQRT(N27)) -> 3.7436483

Sheet Quiz 4
A1: Quiz 4 – Scope, Weights, Thresholds, Pass Probabilities
A3: Controls (blue = editable) | D3: Threshold & pass probabilities
A4: Quiz level (n) | B4: 4 | D4: Pass threshold (expected correct at ability n) | E4: =M26 -> 49.133461
A5: Total questions (N) | B5: 89 | D5: Pass threshold (rounded up) | E5: =ROUNDUP($E$4,0) -> 50
A6: Note: Weight share is proportional to (items × weight).
A7: Ability n-1 | B7: =IF(OR($B$4-1<0.5,$B$4-1>15),"",$B$4-1) -> 3 | D7: P-1 (ability n-1) | E7: =IF($B$7="",-1,IF(K29=0,IF(K26>=$E$5,1,0),1-_xlfn.NORM.DIST($E$5-0.5,K26,K29,TRUE))) -> 3.2907709e-08
A8: Ability n-0.5 | B8: =IF(OR($B$4-0.5<0.5,$B$4-0.5>15),"",$B$4-0.5) -> 3.5 | D8: P-0.5 (ability n-0.5) | E8: =IF($B$8="",-1,IF(L29=0,IF(L26>=$E$5,1,0),1-_xlfn.NORM.DIST($E$5-0.5,L26,L29,TRUE))) -> 0.0032095504
A9: Ability n | B9: =$B$4 -> 4 | D9: P-0 (ability n) | E9: =IF($B$9="",-1,IF(M29=0,IF(M26>=$E$5,1,0),1-_xlfn.NORM.DIST($E$5-0.5,M26,M29,TRUE))) -> 0.46504068
A10: Ability n+0.5 | B10: =IF(OR($B$4+0.5<0.5,$B$4+0.5>15),"",$B$4+0.5) -> 4.5 | D10: P+0.5 (ability n+0.5) | E10: =IF($B$10="",-1,IF(N29=0,IF(N26>=$E$5,1,0),1-_xlfn.NORM.DIST($E$5-0.5,N26,N29,TRUE))) -> 0.99803655
E11: n-1 | F11: n-0.5 | G11: n | H11: n+0.5
D12: Mean correct | E12: =IF($B$7="","",K26) -> 27.751374 | F12: =IF($B$8="","",L26) -> 38.009165 | G12: =IF($B$9="","",M26) -> 49.133461 | H12: =IF($B$10="","",N26) -> 60.711122
D13: Accuracy % | E13: =IF($B$7="","",K26/$B$5) -> 0.31181319 | F13: =IF($B$8="","",L26/$B$5) -> 0.42706927 | G13: =IF($B$9="","",M26/$B$5) -> 0.55206136 | H13: =IF($B$10="","",N26/$B$5) -> 0.68214744
D14: Std dev correct | E14: =IF($B$7="","",K29) -> 4.0258566 | F14: =IF($B$8="","",L29) -> 4.2159419 | G14: =IF($B$9="","",M29) -> 4.1774432 | H14: =IF($B$10="","",N29) -> 3.8873852
A17: Set | B17: Items | C17: Weight (per item) | D17: Items×Weight | E17: Weight share | F17: Expected questions | G17: p(correct) @ n-1 | H17: p(correct) @ n-0.5 | I17: p(correct) @ n | J17: p(correct) @ n+0.5 | K17: Exp correct @ n-1 | L17: Exp correct @ n-0.5 | M17: Exp correct @ n | N17: Exp correct @ n+0.5
A18: S2 | B18: =INDEX(AccuracyTable!$A$2:$A$31, MATCH($A18, AccuracyTable!$B$2:$B$31, 0)) -> 196 | C18: 1 | D18: =B18*C18 -> 196 | E18: =D18/SUM($D$18:$D$25) -> 0.047688564 | F18: =$B$5*E18 -> 4.2442822 | G18: =IF($B$7="","",INDEX(AccuracyTable!$C$2:$AF$31, MATCH($A18, AccuracyTable!$B$2:$B$31, 0), MATCH($B$7, AccuracyTable!$C$1:$AF$1, 0))) -> 0.7751 | H18: =IF($B$8="","",INDEX(AccuracyTable!$C$2:$AF$31, MATCH($A18, AccuracyTable!$B$2:$B$31, 0), MATCH($B$8, AccuracyTable!$C$1:$AF$1, 0))) -> 0.8794 | I18: =IF($B$9="","",INDEX(AccuracyTable!$C$2:$AF$31, MATCH($A18, AccuracyTable!$B$2:$B$31, 0), MATCH($B$9, AccuracyTable!$C$1:$AF$1, 0))) -> 0.9333 | J18: =IF($B$10="","",INDEX(AccuracyTable!$C$2:$AF$31, MATCH($A18, AccuracyTable!$B$2:$B$31, 0), MATCH($B$10, AccuracyTable!$C$1:$AF$1, 0))) -> 0.9491 | K18: =IF($B$7="","",F18*G18) -> 3.2897432 | L18: =IF($B$8="","",F18*H18) -> 3.7324218 | M18: =IF($B$9="","",F18*I18) -> 3.9611886 | N18: =IF($B$10="","",F18*J18) -> 4.0282483
A19: S3 | B19: =INDEX(AccuracyTable!$A$2:$A$31, MATCH($A19, AccuracyTable!$B$2:$B$31, 0)) -> 534 | C19: 1.3 | D19: =B19*C19 -> 694.2 | E19: =D19/SUM($D$18:$D$25) -> 0.16890511 | F19: =$B$5*E19 -> 15.032555 | G19: =IF($B$7="","",INDEX(AccuracyTable!$C$2:$AF$31, MATCH($A19, AccuracyTable!$B$2:$B$31, 0), MATCH($B$7, AccuracyTable!$C$1:$AF$1, 0))) -> 0.5005 | H19: =IF($B$8="","",INDEX(AccuracyTable!$C$2:$AF$31, MATCH($A19, AccuracyTable!$B$2:$B$31, 0), MATCH($B$8, AccuracyTable!$C$1:$AF$1, 0))) -> 0.6397 | I19: =IF($B$9="","",INDEX(AccuracyTable!$C$2:$AF$31, MATCH($A19, AccuracyTable!$B$2:$B$31, 0), MATCH($B$9, AccuracyTable!$C$1:$AF$1, 0))) -> 0.767 | J19: =IF($B$10="","",INDEX(AccuracyTable!$C$2:$AF$31, MATCH($A19, AccuracyTable!$B$2:$B$31, 0), MATCH($B$10, AccuracyTable!$C$1:$AF$1, 0))) -> 0.8732 | K19: =IF($B$7="","",F19*G19) -> 7.5237936 | L19: =IF($B$8="","",F19*H19) -> 9.6163253 | M19: =IF($B$9="","",F19*I19) -> 11.529969 | N19: =IF($B$10="","",F19*J19) -> 13.126427
A20: S4 | B20: =INDEX(AccuracyTable!$A$2:$A$31, MATCH($A20, AccuracyTable!$B$2:$B$31, 0)) -> 698 | C20: 1.5 | D20: =B20*C20 -> 1047 | E20: =D20/SUM($D$18:$D$25) -> 0.25474453 | F20: =$B$5*E20 -> 22.672263 | G20: =IF($B$7="","",INDEX(AccuracyTable!$C$2:$AF$31, MATCH($A20, AccuracyTable!$B$2:$B$31, 0), MATCH($B$7, AccuracyTable!$C$1:$AF$1, 0))) -> 0.284 | H20: =IF($B$8="","",INDEX(AccuracyTable!$C$2:$AF$31, MATCH($A20, AccuracyTable!$B$2:$B$31, 0), MATCH($B$8, AccuracyTable!$C$1:$AF$1, 0))) -> 0.4072 | I20: =IF($B$9="","",INDEX(AccuracyTable!$C$2:$AF$31, MATCH($A20, AccuracyTable!$B$2:$B$31, 0), MATCH($B$9, AccuracyTable!$C$1:$AF$1, 0))) -> 0.5484 | J20: =IF($B$10="","",INDEX(AccuracyTable!$C$2:$AF$31, MATCH($A20, AccuracyTable!$B$2:$B$31, 0), MATCH($B$10, AccuracyTable!$C$1:$AF$1, 0))) -> 0.7052 | K20: =IF($B$7="","",F20*G20) -> 6.4389226 | L20: =IF($B$8="","",F20*H20) -> 9.2321454 | M20: =IF($B$9="","",F20*I20) -> 12.433469 | N20: =IF($B$10="","",F20*J20) -> 15.98848
A21: S5 | B21: =INDEX(AccuracyTable!$A$2:$A$31, MATCH($A21, AccuracyTable!$B$2:$B$31, 0)) -> 1268 | C21: 0.6 | D21: =B21*C21 -> 760.8 | E21: =D21/SUM($D$18:$D$25) -> 0.18510949 | F21: =$B$5*E21 -> 16.474745 | G21: =IF($B$7="","",INDEX(AccuracyTable!$C$2:$AF$31, MATCH($A21, AccuracyTable!$B$2:$B$31, 0), MATCH($B$7, AccuracyTable!$C$1:$AF$1, 0))) -> 0.1761 | H21: =IF($B$8="","",INDEX(AccuracyTable!$C$2:$AF$31, MATCH($A21, AccuracyTable!$B$2:$B$31, 0), MATCH($B$8, AccuracyTable!$C$1:$AF$1, 0))) -> 0.2579 | I21: =IF($B$9="","",INDEX(AccuracyTable!$C$2:$AF$31, MATCH($A21, AccuracyTable!$B$2:$B$31, 0), MATCH($B$9, AccuracyTable!$C$1:$AF$1, 0))) -> 0.3668 | J21: =IF($B$10="","",INDEX(AccuracyTable!$C$2:$AF$31, MATCH($A21, AccuracyTable!$B$2:$B$31, 0), MATCH($B$10, AccuracyTable!$C$1:$AF$1, 0))) -> 0.5118 | K21: =IF($B$7="","",F21*G21) -> 2.9012025 | L21: =IF($B$8="","",F21*H21) -> 4.2488366 | M21: =IF($B$9="","",F21*I21) -> 6.0429363 | N21: =IF($B$10="","",F21*J21) -> 8.4317742
A22: S6 | B22: =INDEX(AccuracyTable!$A$2:$A$31, MATCH($A22, AccuracyTable!$B$2:$B$31, 0)) -> 2021 | C22: 0.3 | D22: =B22*C22 -> 606.3 | E22: =D22/SUM($D$18:$D$25) -> 0.14751825 | F22: =$B$5*E22 -> 13.129124 | G22: =IF($B$7="","",INDEX(AccuracyTable!$C$2:$AF$31, MATCH($A22, AccuracyTable!$B$2:$B$31, 0), MATCH($B$7, AccuracyTable!$C$1:$AF$1, 0))) -> 0.0889 | H22: =IF($B$8="","",INDEX(AccuracyTable!$C$2:$AF$31, MATCH($A22, AccuracyTable!$B$2:$B$31, 0), MATCH($B$8, AccuracyTable!$C$1:$AF$1, 0))) -> 0.123 | I22: =IF($B$9="","",INDEX(AccuracyTable!$C$2:$AF$31, MATCH($A22, AccuracyTable!$B$2:$B$31, 0), MATCH($B$9, AccuracyTable!$C$1:$AF$1, 0))) -> 0.1806 | J22: =IF($B$10="","",INDEX(AccuracyTable!$C$2:$AF$31, MATCH($A22, AccuracyTable!$B$2:$B$31, 0), MATCH($B$10, AccuracyTable!$C$1:$AF$1, 0))) -> 0.2832 | K22: =IF($B$7="","",F22*G22) -> 1.1671791 | L22: =IF($B$8="","",F22*H22) -> 1.6148823 | M22: =IF($B$9="","",F22*I22) -> 2.3711198 | N22: =IF($B$10="","",F22*J22) -> 3.7181679
A23: L4 | B23: =INDEX(AccuracyTable!$A$2:$A$31, MATCH($A23, AccuracyTable!$B$2:$B$31, 0)) -> 100 | C23: 1 | D23: =B23*C23 -> 100 | E23: =D23/SUM($D$18:$D$25) -> 0.0243309 | F23: =$B$5*E23 -> 2.1654501 | G23: =IF($B$7="","",INDEX(AccuracyTable!$C$2:$AF$31, MATCH($A23, AccuracyTable!$B$2:$B$31, 0), MATCH($B$7, AccuracyTable!$C$1:$AF$1, 0))) -> 0.7003 | H23: =IF($B$8="","",INDEX(AccuracyTable!$C$2:$AF$31, MATCH($A23, AccuracyTable!$B$2:$B$31, 0), MATCH($B$8, AccuracyTable!$C$1:$AF$1, 0))) -> 0.8737 | I23: =IF($B$9="","",INDEX(AccuracyTable!$C$2:$AF$31, MATCH($A23, AccuracyTable!$B$2:$B$31, 0), MATCH($B$9, AccuracyTable!$C$1:$AF$1, 0))) -> 0.9405 | J23: =IF($B$10="","",INDEX(AccuracyTable!$C$2:$AF$31, MATCH($A23, AccuracyTable!$B$2:$B$31, 0), MATCH($B$10, AccuracyTable!$C$1:$AF$1, 0))) -> 0.9499 | K23: =IF($B$7="","",F23*G23) -> 1.5164647 | L23: =IF($B$8="","",F23*H23) -> 1.8919538 | M23: =IF($B$9="","",F23*I23) -> 2.0366058 | N23: =IF($B$10="","",F23*J23) -> 2.0569611
A24: L5 | B24: =INDEX(AccuracyTable!$A$2:$A$31, MATCH($A24, AccuracyTable!$B$2:$B$31, 0)) -> 314 | C24: 0.8 | D24: =B24*C24 -> 251.2 | E24: =D24/SUM($D$18:$D$25) -> 0.061119221 | F24: =$B$5*E24 -> 5.4396107 | G24: =IF($B$7="","",INDEX(AccuracyTable!$C$2:$AF$31, MATCH($A24, AccuracyTable!$B$2:$B$31, 0), MATCH($B$7, AccuracyTable!$C$1:$AF$1, 0))) -> 0.4516 | H24: =IF($B$8="","",INDEX(AccuracyTable!$C$2:$AF$31, MATCH($A24, AccuracyTable!$B$2:$B$31, 0), MATCH($B$8, AccuracyTable!$C$1:$AF$1, 0))) -> 0.6714 | I24: =IF($B$9="","",INDEX(AccuracyTable!$C$2:$AF$31, MATCH($A24, AccuracyTable!$B$2:$B$31, 0), MATCH($B$9, AccuracyTable!$C$1:$AF$1, 0))) -> 0.8538 | J24: =IF($B$10="","",INDEX(AccuracyTable!$C$2:$AF$31, MATCH($A24, AccuracyTable!$B$2:$B$31, 0), MATCH($B$10, AccuracyTable!$C$1:$AF$1, 0))) -> 0.9386 | K24: =IF($B$7="","",F24*G24) -> 2.4565282 | L24: =IF($B$8="","",F24*H24) -> 3.6521546 | M24: =IF($B$9="","",F24*I24) -> 4.6443396 | N24: =IF($B$10="","",F24*J24) -> 5.1056186
A25: L6 | B25: =INDEX(AccuracyTable!$A$2:$A$31, MATCH($A25, AccuracyTable!$B$2:$B$31, 0)) -> 909 | C25: 0.5 | D25: =B25*C25 -> 454.5 | E25: =D25/SUM($D$18:$D$25) -> 0.11058394 | F25: =$B$5*E25 -> 9.8419708 | G25: =IF($B$7="","",INDEX(AccuracyTable!$C$2:$AF$31, MATCH($A25, AccuracyTable!$B$2:$B$31, 0), MATCH($B$7, AccuracyTable!$C$1:$AF$1, 0))) -> 0.2497 | H25: =IF($B$8="","",INDEX(AccuracyTable!$C$2:$AF$31, MATCH($A25, AccuracyTable!$B$2:$B$31, 0), MATCH($B$8, AccuracyTable!$C$1:$AF$1, 0))) -> 0.4085 | I25: =IF($B$9="","",INDEX(AccuracyTable!$C$2:$AF$31, MATCH($A25, AccuracyTable!$B$2:$B$31, 0), MATCH($B$9, AccuracyTable!$C$1:$AF$1, 0))) -> 0.6212 | J25: =IF($B$10="","",INDEX(AccuracyTable!$C$2:$AF$31, MATCH($A25, AccuracyTable!$B$2:$B$31, 0), MATCH($B$10, AccuracyTable!$C$1:$AF$1, 0))) -> 0.8388 | K25: =IF($B$7="","",F25*G25) -> 2.4575401 | L25: =IF($B$8="","",F25*H25) -> 4.0204451 | M25: =IF($B$9="","",F25*I25) -> 6.1138323 | N25: =IF($B$10="","",F25*J25) -> 8.2554451
A26: TOTAL | D26: =SUM($D$18:$D$25) -> 4110 | E26: =SUM($E$18:$E$25) -> 1 | F26: =SUM($F$18:$F$25) -> 89 | K26: =SUM($K$18:$K$25) -> 27.751374 | L26: =SUM($L$18:$L$25) -> 38.009165 | M26: =SUM($M$18:$M$25) -> 49.133461 | N26: =SUM($N$18:$N$25) -> 60.711122
A28: Variance (approx) | K28: =IF($B$7="","",SUMPRODUCT($F$18:$F$25,$G$18:$G$25,(1-$G$18:$G$25))) -> 16.207521 | L28: =IF($B$8="","",SUMPRODUCT($F$18:$F$25,$H$18:$H$25,(1-$H$18:$H$25))) -> 17.774166 | M28: =IF($B$9="","",SUMPRODUCT($F$18:$F$25,$I$18:$I$25,(1-$I$18:$I$25))) -> 17.451032 | N28: =IF($B$10="","",SUMPRODUCT($F$18:$F$25,$J$18:$J$25,(1-$J$18:$J$25))) -> 15.111764
A29: Std dev (approx) | K29: =IF($B$7="","",SQRT(K28)) -> 4.0258566 | L29: =IF($B$8="","",SQRT(L28)) -> 4.2159419 | M29: =IF($B$9="","",SQRT(M28)) -> 4.1774432 | N29: =IF($B$10="","",SQRT(N28)) -> 3.8873852

Sheet Quiz 5
A1: Quiz 5 – Scope, Weights, Thresholds, Pass Probabilities
A3: Controls (blue = editable) | D3: Threshold & pass probabilities
A4: Quiz level (n) | B4: 5 | D4: Pass threshold (expected correct at ability n) | E4: =M26 -> 59.142632
A5: Total questions (N) | B5: 98 | D5: Pass threshold (rounded up) | E5: =ROUNDUP($E$4,0) -> 60
A6: Note: Weight share is proportional to (items × weight).
A7: Ability n-1 | B7: =IF(OR($B$4-1<0.5,$B$4-1>15),"",$B$4-1) -> 4 | D7: P-1 (ability n-1) | E7: =IF($B$7="",-1,IF(K29=0,IF(K26>=$E$5,1,0),1-_xlfn.NORM.DIST($E$5-0.5,K26,K29,TRUE))) -> 1.4634328e-09
A8: Ability n-0.5 | B8: =IF(OR($B$4-0.5<0.5,$B$4-0.5>15),"",$B$4-0.5) -> 4.5 | D8: P-0.5 (ability n-0.5) | E8: =IF($B$8="",-1,IF(L29=0,IF(L26>=$E$5,1,0),1-_xlfn.NORM.DIST($E$5-0.5,L26,L29,TRUE))) -> 0.0017474655
A9: Ability n | B9: =$B$4 -> 5 | D9: P-0 (ability n) | E9: =IF($B$9="",-1,IF(M29=0,IF(M26>=$E$5,1,0),1-_xlfn.NORM.DIST($E$5-0.5,M26,M29,TRUE))) -> 0.46622695
A10: Ability n+0.5 | B10: =IF(OR($B$4+0.5<0.5,$B$4+0.5>15),"",$B$4+0.5) -> 5.5 | D10: P+0.5 (ability n+0.5) | E10: =IF($B$10="",-1,IF(N29=0,IF(N26>=$E$5,1,0),1-_xlfn.NORM.DIST($E$5-0.5,N26,N29,TRUE))) -> 0.99590691
E11: n-1 | F11: n-0.5 | G11: n | H11: n+0.5
D12: Mean correct | E12: =IF($B$7="","",K26) -> 34.539072 | F12: =IF($B$8="","",L26) -> 46.947417 | G12: =IF($B$9="","",M26) -> 59.142632 | H12: =IF($B$10="","",N26) -> 70.066122
D13: Accuracy % | E13: =IF($B$7="","",K26/$B$5) -> 0.35243951 | F13: =IF($B$8="","",L26/$B$5) -> 0.47905528 | G13: =IF($B$9="","",M26/$B$5) -> 0.60349624 | H13: =IF($B$10="","",N26/$B$5) -> 0.71496043
D14: Std dev correct | E14: =IF($B$7="","",K29) -> 4.2052573 | F14: =IF($B$8="","",L29) -> 4.2981239 | G14: =IF($B$9="","",M29) -> 4.2163431 | H14: =IF($B$10="","",N29) -> 3.9958212
A17: Set | B17: Items | C17: Weight (per item) | D17: Items×Weight | E17: Weight share | F17: Expected questions | G17: p(correct) @ n-1 | H17: p(correct) @ n-0.5 | I17: p(correct) @ n | J17: p(correct) @ n+0.5 | K17: Exp correct @ n-1 | L17: Exp correct @ n-0.5 | M17: Exp correct @ n | N17: Exp correct @ n+0.5
A18: S3 | B18: =INDEX(AccuracyTable!$A$2:$A$31, MATCH($A18, AccuracyTable!$B$2:$B$31, 0)) -> 534 | C18: 1 | D18: =B18*C18 -> 534 | E18: =D18/SUM($D$18:$D$25) -> 0.060988145 | F18: =$B$5*E18 -> 5.9768382 | G18: =IF($B$7="","",INDEX(AccuracyTable!$C$2:$AF$31, MATCH($A18, AccuracyTable!$B$2:$B$31, 0), MATCH($B$7, AccuracyTable!$C$1:$AF$1, 0))) -> 0.767 | H18: =IF($B$8="","",INDEX(AccuracyTable!$C$2:$AF$31, MATCH($A18, AccuracyTable!$B$2:$B$31, 0), MATCH($B$8, AccuracyTable!$C$1:$AF$1, 0))) -> 0.8732 | I18: =IF($B$9="","",INDEX(AccuracyTable!$C$2:$AF$31, MATCH($A18, AccuracyTable!$B$2:$B$31, 0), MATCH($B$9, AccuracyTable!$C$1:$AF$1, 0))) -> 0.9301 | J18: =IF($B$10="","",INDEX(AccuracyTable!$C$2:$AF$31, MATCH($A18, AccuracyTable!$B$2:$B$31, 0), MATCH($B$10, AccuracyTable!$C$1:$AF$1, 0))) -> 0.9484 | K18: =IF($B$7="","",F18*G18) -> 4.5842349 | L18: =IF($B$8="","",F18*H18) -> 5.2189751 | M18: =IF($B$9="","",F18*I18) -> 5.5590572 | N18: =IF($B$10="","",F18*J18) -> 5.6684334
A19: S4 | B19: =INDEX(AccuracyTable!$A$2:$A$31, MATCH($A19, AccuracyTable!$B$2:$B$31, 0)) -> 698 | C19: 1.3 | D19: =B19*C19 -> 907.4 | E19: =D19/SUM($D$18:$D$25) -> 0.10363416 | F19: =$B$5*E19 -> 10.156148 | G19: =IF($B$7="","",INDEX(AccuracyTable!$C$2:$AF$31, MATCH($A19, AccuracyTable!$B$2:$B$31, 0), MATCH($B$7, AccuracyTable!$C$1:$AF$1, 0))) -> 0.5484 | H19: =IF($B$8="","",INDEX(AccuracyTable!$C$2:$AF$31, MATCH($A19, AccuracyTable!$B$2:$B$31, 0), MATCH($B$8, AccuracyTable!$C$1:$AF$1, 0))) -> 0.7052 | I19: =IF($B$9="","",INDEX(AccuracyTable!$C$2:$AF$31, MATCH($A19, AccuracyTable!$B$2:$B$31, 0), MATCH($B$9, AccuracyTable!$C$1:$AF$1, 0))) -> 0.8333 | J19: =IF($B$10="","",INDEX(AccuracyTable!$C$2:$AF$31, MATCH($A19, AccuracyTable!$B$2:$B$31, 0), MATCH($B$10, AccuracyTable!$C$1:$AF$1, 0))) -> 0.9171 | K19: =IF($B$7="","",F19*G19) -> 5.5696315 | L19: =IF($B$8="","",F19*H19) -> 7.1621155 | M19: =IF($B$9="","",F19*I19) -> 8.4631181 | N19: =IF($B$10="","",F19*J19) -> 9.3142033
A20: S5 | B20: =INDEX(AccuracyTable!$A$2:$A$31, MATCH($A20, AccuracyTable!$B$2:$B$31, 0)) -> 1268 | C20: 1.5 | D20: =B20*C20 -> 1902 | E20: =D20/SUM($D$18:$D$25) -> 0.21722744 | F20: =$B$5*E20 -> 21.288289 | G20: =IF($B$7="","",INDEX(AccuracyTable!$C$2:$AF$31, MATCH($A20, AccuracyTable!$B$2:$B$31, 0), MATCH($B$7, AccuracyTable!$C$1:$AF$1, 0))) -> 0.3668 | H20: =IF($B$8="","",INDEX(AccuracyTable!$C$2:$AF$31, MATCH($A20, AccuracyTable!$B$2:$B$31, 0), MATCH($B$8, AccuracyTable!$C$1:$AF$1, 0))) -> 0.5118 | I20: =IF($B$9="","",INDEX(AccuracyTable!$C$2:$AF$31, MATCH($A20, AccuracyTable!$B$2:$B$31, 0), MATCH($B$9, AccuracyTable!$C$1:$AF$1, 0))) -> 0.6564 | J20: =IF($B$10="","",INDEX(AccuracyTable!$C$2:$AF$31, MATCH($A20, AccuracyTable!$B$2:$B$31, 0), MATCH($B$10, AccuracyTable!$C$1:$AF$1, 0))) -> 0.7871 | K20: =IF($B$7="","",F20*G20) -> 7.8085444 | L20: =IF($B$8="","",F20*H20) -> 10.895346 | M20: =IF($B$9="","",F20*I20) -> 13.973633 | N20: =IF($B$10="","",F20*J20) -> 16.756012
A21: S6 | B21: =INDEX(AccuracyTable!$A$2:$A$31, MATCH($A21, AccuracyTable!$B$2:$B$31, 0)) -> 2021 | C21: 1.2 | D21: =B21*C21 -> 2425.2 | E21: =D21/SUM($D$18:$D$25) -> 0.27698211 | F21: =$B$5*E21 -> 27.144247 | G21: =IF($B$7="","",INDEX(AccuracyTable!$C$2:$AF$31, MATCH($A21, AccuracyTable!$B$2:$B$31, 0), MATCH($B$7, AccuracyTable!$C$1:$AF$1, 0))) -> 0.1806 | H21: =IF($B$8="","",INDEX(AccuracyTable!$C$2:$AF$31, MATCH($A21, AccuracyTable!$B$2:$B$31, 0), MATCH($B$8, AccuracyTable!$C$1:$AF$1, 0))) -> 0.2832 | I21: =IF($B$9="","",INDEX(AccuracyTable!$C$2:$AF$31, MATCH($A21, AccuracyTable!$B$2:$B$31, 0), MATCH($B$9, AccuracyTable!$C$1:$AF$1, 0))) -> 0.4197 | J21: =IF($B$10="","",INDEX(AccuracyTable!$C$2:$AF$31, MATCH($A21, AccuracyTable!$B$2:$B$31, 0), MATCH($B$10, AccuracyTable!$C$1:$AF$1, 0))) -> 0.5693 | K21: =IF($B$7="","",F21*G21) -> 4.9022511 | L21: =IF($B$8="","",F21*H21) -> 7.6872508 | M21: =IF($B$9="","",F21*I21) -> 11.392441 | N21: =IF($B$10="","",F21*J21) -> 15.45322
A22: S7 | B22: =INDEX(AccuracyTable!$A$2:$A$31, MATCH($A22, AccuracyTable!$B$2:$B$31, 0)) -> 2806 | C22: 0.5 | D22: =B22*C22 -> 1403 | E22: =D22/SUM($D$18:$D$25) -> 0.16023664 | F22: =$B$5*E22 -> 15.703191 | G22: =IF($B$7="","",INDEX(AccuracyTable!$C$2:$AF$31, MATCH($A22, AccuracyTable!$B$2:$B$31, 0), MATCH($B$7, AccuracyTable!$C$1:$AF$1, 0))) -> 0.102 | H22: =IF($B$8="","",INDEX(AccuracyTable!$C$2:$AF$31, MATCH($A22, AccuracyTable!$B$2:$B$31, 0), MATCH($B$8, AccuracyTable!$C$1:$AF$1, 0))) -> 0.1563 | I22: =IF($B$9="","",INDEX(AccuracyTable!$C$2:$AF$31, MATCH($A22, AccuracyTable!$B$2:$B$31, 0), MATCH($B$9, AccuracyTable!$C$1:$AF$1, 0))) -> 0.2499 | J22: =IF($B$10="","",INDEX(AccuracyTable!$C$2:$AF$31, MATCH($A22, AccuracyTable!$B$2:$B$31, 0), MATCH($B$10, AccuracyTable!$C$1:$AF$1, 0))) -> 0.391 | K22: =IF($B$7="","",F22*G22) -> 1.6017255 | L22: =IF($B$8="","",F22*H22) -> 2.4544088 | M22: =IF($B$9="","",F22*I22) -> 3.9242274 | N22: =IF($B$10="","",F22*J22) -> 6.1399477
A23: L5 | B23: =INDEX(AccuracyTable!$A$2:$A$31, MATCH($A23, AccuracyTable!$B$2:$B$31, 0)) -> 314 | C23: 1 | D23: =B23*C23 -> 314 | E23: =D23/SUM($D$18:$D$25) -> 0.035861943 | F23: =$B$5*E23 -> 3.5144704 | G23: =IF($B$7="","",INDEX(AccuracyTable!$C$2:$AF$31, MATCH($A23, AccuracyTable!$B$2:$B$31, 0), MATCH($B$7, AccuracyTable!$C$1:$AF$1, 0))) -> 0.8538 | H23: =IF($B$8="","",INDEX(AccuracyTable!$C$2:$AF$31, MATCH($A23, AccuracyTable!$B$2:$B$31, 0), MATCH($B$8, AccuracyTable!$C$1:$AF$1, 0))) -> 0.9386 | I23: =IF($B$9="","",INDEX(AccuracyTable!$C$2:$AF$31, MATCH($A23, AccuracyTable!$B$2:$B$31, 0), MATCH($B$9, AccuracyTable!$C$1:$AF$1, 0))) -> 0.9498 | J23: =IF($B$10="","",INDEX(AccuracyTable!$C$2:$AF$31, MATCH($A23, AccuracyTable!$B$2:$B$31, 0), MATCH($B$10, AccuracyTable!$C$1:$AF$1, 0))) -> 0.95 | K23: =IF($B$7="","",F23*G23) -> 3.0006548 | L23: =IF($B$8="","",F23*H23) -> 3.2986819 | M23: =IF($B$9="","",F23*I23) -> 3.338044 | N23: =IF($B$10="","",F23*J23) -> 3.3387469
A24: L6 | B24: =INDEX(AccuracyTable!$A$2:$A$31, MATCH($A24, AccuracyTable!$B$2:$B$31, 0)) -> 909 | C24: 0.8 | D24: =B24*C24 -> 727.2 | E24: =D24/SUM($D$18:$D$25) -> 0.083053519 | F24: =$B$5*E24 -> 8.1392448 | G24: =IF($B$7="","",INDEX(AccuracyTable!$C$2:$AF$31, MATCH($A24, AccuracyTable!$B$2:$B$31, 0), MATCH($B$7, AccuracyTable!$C$1:$AF$1, 0))) -> 0.6212 | H24: =IF($B$8="","",INDEX(AccuracyTable!$C$2:$AF$31, MATCH($A24, AccuracyTable!$B$2:$B$31, 0), MATCH($B$8, AccuracyTable!$C$1:$AF$1, 0))) -> 0.8388 | I24: =IF($B$9="","",INDEX(AccuracyTable!$C$2:$AF$31, MATCH($A24, AccuracyTable!$B$2:$B$31, 0), MATCH($B$9, AccuracyTable!$C$1:$AF$1, 0))) -> 0.9352 | J24: =IF($B$10="","",INDEX(AccuracyTable!$C$2:$AF$31, MATCH($A24, AccuracyTable!$B$2:$B$31, 0), MATCH($B$10, AccuracyTable!$C$1:$AF$1, 0))) -> 0.9498 | K24: =IF($B$7="","",F24*G24) -> 5.0560989 | L24: =IF($B$8="","",F24*H24) -> 6.8271986 | M24: =IF($B$9="","",F24*I24) -> 7.6118218 | N24: =IF($B$10="","",F24*J24) -> 7.7306548
A25: L7 | B25: =INDEX(AccuracyTable!$A$2:$A$31, MATCH($A25, AccuracyTable!$B$2:$B$31, 0)) -> 1086 | C25: 0.5 | D25: =B25*C25 -> 543 | E25: =D25/SUM($D$18:$D$25) -> 0.062016035 | F25: =$B$5*E25 -> 6.0775714 | G25: =IF($B$7="","",INDEX(AccuracyTable!$C$2:$AF$31, MATCH($A25, AccuracyTable!$B$2:$B$31, 0), MATCH($B$7, AccuracyTable!$C$1:$AF$1, 0))) -> 0.3317 | H25: =IF($B$8="","",INDEX(AccuracyTable!$C$2:$AF$31, MATCH($A25, AccuracyTable!$B$2:$B$31, 0), MATCH($B$8, AccuracyTable!$C$1:$AF$1, 0))) -> 0.56 | I25: =IF($B$9="","",INDEX(AccuracyTable!$C$2:$AF$31, MATCH($A25, AccuracyTable!$B$2:$B$31, 0), MATCH($B$9, AccuracyTable!$C$1:$AF$1, 0))) -> 0.803 | J25: =IF($B$10="","",INDEX(AccuracyTable!$C$2:$AF$31, MATCH($A25, AccuracyTable!$B$2:$B$31, 0), MATCH($B$10, AccuracyTable!$C$1:$AF$1, 0))) -> 0.9321 | K25: =IF($B$7="","",F25*G25) -> 2.0159304 | L25: =IF($B$8="","",F25*H25) -> 3.40344 | M25: =IF($B$9="","",F25*I25) -> 4.8802899 | N25: =IF($B$10="","",F25*J25) -> 5.6649043
A26: TOTAL | D26: =SUM($D$18:$D$25) -> 8755.8 | E26: =SUM($E$18:$E$25) -> 1 | F26: =SUM($F$18:$F$25) -> 98 | K26: =SUM($K$18:$K$25) -> 34.539072 | L26: =SUM($L$18:$L$25) -> 46.947417 | M26: =SUM($M$18:$M$25) -> 59.142632 | N26: =SUM($N$18:$N$25) -> 70.066122
A28: Variance (approx) | K28: =IF($B$7="","",SUMPRODUCT($F$18:$F$25,$G$18:$G$25,(1-$G$18:$G$25))) -> 17.684189 | L28: =IF($B$8="","",SUMPRODUCT($F$18:$F$25,$H$18:$H$25,(1-$H$18:$H$25))) -> 18.473869 | M28: =IF($B$9="","",SUMPRODUCT($F$18:$F$25,$I$18:$I$25,(1-$I$18:$I$25))) -> 17.777549 | N28: =IF($B$10="","",SUMPRODUCT($F$18:$F$25,$J$18:$J$25,(1-$J$18:$J$25))) -> 15.966587
A29: Std dev (approx) | K29: =IF($B$7="","",SQRT(K28)) -> 4.2052573 | L29: =IF($B$8="","",SQRT(L28)) -> 4.2981239 | M29: =IF($B$9="","",SQRT(M28)) -> 4.2163431 | N29: =IF($B$10="","",SQRT(N28)) -> 3.9958212

Sheet Quiz 6
A1: Quiz 6 – Scope, Weights, Thresholds, Pass Probabilities
A3: Controls (blue = editable) | D3: Threshold & pass probabilities
A4: Quiz level (n) | B4: 6 | D4: Pass threshold (expected correct at ability n) | E4: =M27 -> 69.577577
A5: Total questions (N) | B5: 113 | D5: Pass threshold (rounded up) | E5: =ROUNDUP($E$4,0) -> 70
A6: Note: Weight share is proportional to (items × weight).
A7: Ability n-1 | B7: =IF(OR($B$4-1<0.5,$B$4-1>15),"",$B$4-1) -> 5 | D7: P-1 (ability n-1) | E7: =IF($B$7="",-1,IF(K30=0,IF(K27>=$E$5,1,0),1-_xlfn.NORM.DIST($E$5-0.5,K27,K30,TRUE))) -> 7.471731e-10
A8: Ability n-0.5 | B8: =IF(OR($B$4-0.5<0.5,$B$4-0.5>15),"",$B$4-0.5) -> 5.5 | D8: P-0.5 (ability n-0.5) | E8: =IF($B$8="",-1,IF(L30=0,IF(L27>=$E$5,1,0),1-_xlfn.NORM.DIST($E$5-0.5,L27,L30,TRUE))) -> 0.0021904291
A9: Ability n | B9: =$B$4 -> 6 | D9: P-0 (ability n) | E9: =IF($B$9="",-1,IF(M30=0,IF(M27>=$E$5,1,0),1-_xlfn.NORM.DIST($E$5-0.5,M27,M30,TRUE))) -> 0.50676145
A10: Ability n+0.5 | B10: =IF(OR($B$4+0.5<0.5,$B$4+0.5>15),"",$B$4+0.5) -> 6.5 | D10: P+0.5 (ability n+0.5) | E10: =IF($B$10="",-1,IF(N30=0,IF(N27>=$E$5,1,0),1-_xlfn.NORM.DIST($E$5-0.5,N27,N30,TRUE))) -> 0.99112549
E11: n-1 | F11: n-0.5 | G11: n | H11: n+0.5
D12: Mean correct | E12: =IF($B$7="","",K27) -> 43.050416 | F12: =IF($B$8="","",L27) -> 56.595404 | G12: =IF($B$9="","",M27) -> 69.577577 | H12: =IF($B$10="","",N27) -> 79.999539
D13: Accuracy % | E13: =IF($B$7="","",K27/$B$5) -> 0.38097713 | F13: =IF($B$8="","",L27/$B$5) -> 0.50084429 | G13: =IF($B$9="","",M27/$B$5) -> 0.61573077 | H13: =IF($B$10="","",N27/$B$5) -> 0.70796052
D14: Std dev correct | E14: =IF($B$7="","",K30) -> 4.3754674 | F14: =IF($B$8="","",L30) -> 4.5289603 | G14: =IF($B$9="","",M30) -> 4.5770235 | H14: =IF($B$10="","",N30) -> 4.4286665
A17: Set | B17: Items | C17: Weight (per item) | D17: Items×Weight | E17: Weight share | F17: Expected questions | G17: p(correct) @ n-1 | H17: p(correct) @ n-0.5 | I17: p(correct) @ n | J17: p(correct) @ n+0.5 | K17: Exp correct @ n-1 | L17: Exp correct @ n-0.5 | M17: Exp correct @ n | N17: Exp correct @ n+0.5
A18: S4 | B18: =INDEX(AccuracyTable!$A$2:$A$31, MATCH($A18, AccuracyTable!$B$2:$B$31, 0)) -> 698 | C18: 1 | D18: =B18*C18 -> 698 | E18: =D18/SUM($D$18:$D$26) -> 0.038513745 | F18: =$B$5*E18 -> 4.3520531 | G18: =IF($B$7="","",INDEX(AccuracyTable!$C$2:$AF$31, MATCH($A18, AccuracyTable!$B$2:$B$31, 0), MATCH($B$7, AccuracyTable!$C$1:$AF$1, 0))) -> 0.8333 | H18: =IF($B$8="","",INDEX(AccuracyTable!$C$2:$AF$31, MATCH($A18, AccuracyTable!$B$2:$B$31, 0), MATCH($B$8, AccuracyTable!$C$1:$AF$1, 0))) -> 0.9171 | I18: =IF($B$9="","",INDEX(AccuracyTable!$C$2:$AF$31, MATCH($A18, AccuracyTable!$B$2:$B$31, 0), MATCH($B$9, AccuracyTable!$C$1:$AF$1, 0))) -> 0.9465 | J18: =IF($B$10="","",INDEX(AccuracyTable!$C$2:$AF$31, MATCH($A18, AccuracyTable!$B$2:$B$31, 0), MATCH($B$10, AccuracyTable!$C$1:$AF$1, 0))) -> 0.9499 | K18: =IF($B$7="","",F18*G18) -> 3.6265659 | L18: =IF($B$8="","",F18*H18) -> 3.9912679 | M18: =IF($B$9="","",F18*I18) -> 4.1192183 | N18: =IF($B$10="","",F18*J18) -> 4.1340153
A19: S5 | B19: =INDEX(AccuracyTable!$A$2:$A$31, MATCH($A19, AccuracyTable!$B$2:$B$31, 0)) -> 1268 | C19: 1.3 | D19: =B19*C19 -> 1648.4 | E19: =D19/SUM($D$18:$D$26) -> 0.090954236 | F19: =$B$5*E19 -> 10.277829 | G19: =IF($B$7="","",INDEX(AccuracyTable!$C$2:$AF$31, MATCH($A19, AccuracyTable!$B$2:$B$31, 0), MATCH($B$7, AccuracyTable!$C$1:$AF$1, 0))) -> 0.6564 | H19: =IF($B$8="","",INDEX(AccuracyTable!$C$2:$AF$31, MATCH($A19, AccuracyTable!$B$2:$B$31, 0), MATCH($B$8, AccuracyTable!$C$1:$AF$1, 0))) -> 0.7871 | I19: =IF($B$9="","",INDEX(AccuracyTable!$C$2:$AF$31, MATCH($A19, AccuracyTable!$B$2:$B$31, 0), MATCH($B$9, AccuracyTable!$C$1:$AF$1, 0))) -> 0.8826 | J19: =IF($B$10="","",INDEX(AccuracyTable!$C$2:$AF$31, MATCH($A19, AccuracyTable!$B$2:$B$31, 0), MATCH($B$10, AccuracyTable!$C$1:$AF$1, 0))) -> 0.9313 | K19: =IF($B$7="","",F19*G19) -> 6.7463667 | L19: =IF($B$8="","",F19*H19) -> 8.0896789 | M19: =IF($B$9="","",F19*I19) -> 9.0712116 | N19: =IF($B$10="","",F19*J19) -> 9.5717418
A20: S6 | B20: =INDEX(AccuracyTable!$A$2:$A$31, MATCH($A20, AccuracyTable!$B$2:$B$31, 0)) -> 2021 | C20: 1.5 | D20: =B20*C20 -> 3031.5 | E20: =D20/SUM($D$18:$D$26) -> 0.16726994 | F20: =$B$5*E20 -> 18.901503 | G20: =IF($B$7="","",INDEX(AccuracyTable!$C$2:$AF$31, MATCH($A20, AccuracyTable!$B$2:$B$31, 0), MATCH($B$7, AccuracyTable!$C$1:$AF$1, 0))) -> 0.4197 | H20: =IF($B$8="","",INDEX(AccuracyTable!$C$2:$AF$31, MATCH($A20, AccuracyTable!$B$2:$B$31, 0), MATCH($B$8, AccuracyTable!$C$1:$AF$1, 0))) -> 0.5693 | I20: =IF($B$9="","",INDEX(AccuracyTable!$C$2:$AF$31, MATCH($A20, AccuracyTable!$B$2:$B$31, 0), MATCH($B$9, AccuracyTable!$C$1:$AF$1, 0))) -> 0.7008 | J20: =IF($B$10="","",INDEX(AccuracyTable!$C$2:$AF$31, MATCH($A20, AccuracyTable!$B$2:$B$31, 0), MATCH($B$10, AccuracyTable!$C$1:$AF$1, 0))) -> 0.8035 | K20: =IF($B$7="","",F20*G20) -> 7.9329608 | L20: =IF($B$8="","",F20*H20) -> 10.760626 | M20: =IF($B$9="","",F20*I20) -> 13.246173 | N20: =IF($B$10="","",F20*J20) -> 15.187358
A21: S7 | B21: =INDEX(AccuracyTable!$A$2:$A$31, MATCH($A21, AccuracyTable!$B$2:$B$31, 0)) -> 2806 | C21: 1.3 | D21: =B21*C21 -> 3647.8 | E21: =D21/SUM($D$18:$D$26) -> 0.2012757 | F21: =$B$5*E21 -> 22.744154 | G21: =IF($B$7="","",INDEX(AccuracyTable!$C$2:$AF$31, MATCH($A21, AccuracyTable!$B$2:$B$31, 0), MATCH($B$7, AccuracyTable!$C$1:$AF$1, 0))) -> 0.2499 | H21: =IF($B$8="","",INDEX(AccuracyTable!$C$2:$AF$31, MATCH($A21, AccuracyTable!$B$2:$B$31, 0), MATCH($B$8, AccuracyTable!$C$1:$AF$1, 0))) -> 0.391 | I21: =IF($B$9="","",INDEX(AccuracyTable!$C$2:$AF$31, MATCH($A21, AccuracyTable!$B$2:$B$31, 0), MATCH($B$9, AccuracyTable!$C$1:$AF$1, 0))) -> 0.5405 | J21: =IF($B$10="","",INDEX(AccuracyTable!$C$2:$AF$31, MATCH($A21, AccuracyTable!$B$2:$B$31, 0), MATCH($B$10, AccuracyTable!$C$1:$AF$1, 0))) -> 0.6589 | K21: =IF($B$7="","",F21*G21) -> 5.6837641 | L21: =IF($B$8="","",F21*H21) -> 8.8929642 | M21: =IF($B$9="","",F21*I21) -> 12.293215 | N21: =IF($B$10="","",F21*J21) -> 14.986123
A22: S8 | B22: =INDEX(AccuracyTable!$A$2:$A$31, MATCH($A22, AccuracyTable!$B$2:$B$31, 0)) -> 3785 | C22: 1 | D22: =B22*C22 -> 3785 | E22: =D22/SUM($D$18:$D$26) -> 0.20884602 | F22: =$B$5*E22 -> 23.599601 | G22: =IF($B$7="","",INDEX(AccuracyTable!$C$2:$AF$31, MATCH($A22, AccuracyTable!$B$2:$B$31, 0), MATCH($B$7, AccuracyTable!$C$1:$AF$1, 0))) -> 0.1634 | H22: =IF($B$8="","",INDEX(AccuracyTable!$C$2:$AF$31, MATCH($A22, AccuracyTable!$B$2:$B$31, 0), MATCH($B$8, AccuracyTable!$C$1:$AF$1, 0))) -> 0.2735 | I22: =IF($B$9="","",INDEX(AccuracyTable!$C$2:$AF$31, MATCH($A22, AccuracyTable!$B$2:$B$31, 0), MATCH($B$9, AccuracyTable!$C$1:$AF$1, 0))) -> 0.4224 | J22: =IF($B$10="","",INDEX(AccuracyTable!$C$2:$AF$31, MATCH($A22, AccuracyTable!$B$2:$B$31, 0), MATCH($B$10, AccuracyTable!$C$1:$AF$1, 0))) -> 0.5535 | K22: =IF($B$7="","",F22*G22) -> 3.8561747 | L22: =IF($B$8="","",F22*H22) -> 6.4544907 | M22: =IF($B$9="","",F22*I22) -> 9.9684713 | N22: =IF($B$10="","",F22*J22) -> 13.062379
A23: S9 | B23: =INDEX(AccuracyTable!$A$2:$A$31, MATCH($A23, AccuracyTable!$B$2:$B$31, 0)) -> 4374 | C23: 0.6 | D23: =B23*C23 -> 2624.4 | E23: =D23/SUM($D$18:$D$26) -> 0.14480727 | F23: =$B$5*E23 -> 16.363221 | G23: =IF($B$7="","",INDEX(AccuracyTable!$C$2:$AF$31, MATCH($A23, AccuracyTable!$B$2:$B$31, 0), MATCH($B$7, AccuracyTable!$C$1:$AF$1, 0))) -> 0.1131 | H23: =IF($B$8="","",INDEX(AccuracyTable!$C$2:$AF$31, MATCH($A23, AccuracyTable!$B$2:$B$31, 0), MATCH($B$8, AccuracyTable!$C$1:$AF$1, 0))) -> 0.1851 | I23: =IF($B$9="","",INDEX(AccuracyTable!$C$2:$AF$31, MATCH($A23, AccuracyTable!$B$2:$B$31, 0), MATCH($B$9, AccuracyTable!$C$1:$AF$1, 0))) -> 0.3049 | J23: =IF($B$10="","",INDEX(AccuracyTable!$C$2:$AF$31, MATCH($A23, AccuracyTable!$B$2:$B$31, 0), MATCH($B$10, AccuracyTable!$C$1:$AF$1, 0))) -> 0.436 | K23: =IF($B$7="","",F23*G23) -> 1.8506803 | L23: =IF($B$8="","",F23*H23) -> 3.0288322 | M23: =IF($B$9="","",F23*I23) -> 4.9891461 | N23: =IF($B$10="","",F23*J23) -> 7.1343644
A24: L6 | B24: =INDEX(AccuracyTable!$A$2:$A$31, MATCH($A24, AccuracyTable!$B$2:$B$31, 0)) -> 909 | C24: 1 | D24: =B24*C24 -> 909 | E24: =D24/SUM($D$18:$D$26) -> 0.050156152 | F24: =$B$5*E24 -> 5.6676451 | G24: =IF($B$7="","",INDEX(AccuracyTable!$C$2:$AF$31, MATCH($A24, AccuracyTable!$B$2:$B$31, 0), MATCH($B$7, AccuracyTable!$C$1:$AF$1, 0))) -> 0.9352 | H24: =IF($B$8="","",INDEX(AccuracyTable!$C$2:$AF$31, MATCH($A24, AccuracyTable!$B$2:$B$31, 0), MATCH($B$8, AccuracyTable!$C$1:$AF$1, 0))) -> 0.9498 | I24: =IF($B$9="","",INDEX(AccuracyTable!$C$2:$AF$31, MATCH($A24, AccuracyTable!$B$2:$B$31, 0), MATCH($B$9, AccuracyTable!$C$1:$AF$1, 0))) -> 0.95 | J24: =IF($B$10="","",INDEX(AccuracyTable!$C$2:$AF$31, MATCH($A24, AccuracyTable!$B$2:$B$31, 0), MATCH($B$10, AccuracyTable!$C$1:$AF$1, 0))) -> 0.95 | K24: =IF($B$7="","",F24*G24) -> 5.3003817 | L24: =IF($B$8="","",F24*H24) -> 5.3831294 | M24: =IF($B$9="","",F24*I24) -> 5.3842629 | N24: =IF($B$10="","",F24*J24) -> 5.3842629
A25: L7 | B25: =INDEX(AccuracyTable!$A$2:$A$31, MATCH($A25, AccuracyTable!$B$2:$B$31, 0)) -> 1086 | C25: 0.8 | D25: =B25*C25 -> 868.8 | E25: =D25/SUM($D$18:$D$26) -> 0.047938025 | F25: =$B$5*E25 -> 5.4169968 | G25: =IF($B$7="","",INDEX(AccuracyTable!$C$2:$AF$31, MATCH($A25, AccuracyTable!$B$2:$B$31, 0), MATCH($B$7, AccuracyTable!$C$1:$AF$1, 0))) -> 0.803 | H25: =IF($B$8="","",INDEX(AccuracyTable!$C$2:$AF$31, MATCH($A25, AccuracyTable!$B$2:$B$31, 0), MATCH($B$8, AccuracyTable!$C$1:$AF$1, 0))) -> 0.9321 | I25: =IF($B$9="","",INDEX(AccuracyTable!$C$2:$AF$31, MATCH($A25, AccuracyTable!$B$2:$B$31, 0), MATCH($B$9, AccuracyTable!$C$1:$AF$1, 0))) -> 0.9497 | J25: =IF($B$10="","",INDEX(AccuracyTable!$C$2:$AF$31, MATCH($A25, AccuracyTable!$B$2:$B$31, 0), MATCH($B$10, AccuracyTable!$C$1:$AF$1, 0))) -> 0.95 | K25: =IF($B$7="","",F25*G25) -> 4.3498484 | L25: =IF($B$8="","",F25*H25) -> 5.0491827 | M25: =IF($B$9="","",F25*I25) -> 5.1445219 | N25: =IF($B$10="","",F25*J25) -> 5.146147
A26: L8 | B26: =INDEX(AccuracyTable!$A$2:$A$31, MATCH($A26, AccuracyTable!$B$2:$B$31, 0)) -> 1821 | C26: 0.5 | D26: =B26*C26 -> 910.5 | E26: =D26/SUM($D$18:$D$26) -> 0.050238918 | F26: =$B$5*E26 -> 5.6769977 | G26: =IF($B$7="","",INDEX(AccuracyTable!$C$2:$AF$31, MATCH($A26, AccuracyTable!$B$2:$B$31, 0), MATCH($B$7, AccuracyTable!$C$1:$AF$1, 0))) -> 0.6524 | H26: =IF($B$8="","",INDEX(AccuracyTable!$C$2:$AF$31, MATCH($A26, AccuracyTable!$B$2:$B$31, 0), MATCH($B$8, AccuracyTable!$C$1:$AF$1, 0))) -> 0.8711 | I26: =IF($B$9="","",INDEX(AccuracyTable!$C$2:$AF$31, MATCH($A26, AccuracyTable!$B$2:$B$31, 0), MATCH($B$9, AccuracyTable!$C$1:$AF$1, 0))) -> 0.9444 | J26: =IF($B$10="","",INDEX(AccuracyTable!$C$2:$AF$31, MATCH($A26, AccuracyTable!$B$2:$B$31, 0), MATCH($B$10, AccuracyTable!$C$1:$AF$1, 0))) -> 0.95 | K26: =IF($B$7="","",F26*G26) -> 3.7036733 | L26: =IF($B$8="","",F26*H26) -> 4.9452327 | M26: =IF($B$9="","",F26*I26) -> 5.3613566 | N26: =IF($B$10="","",F26*J26) -> 5.3931478
A27: TOTAL | D27: =SUM($D$18:$D$26) -> 18123.4 | E27: =SUM($E$18:$E$26) -> 1 | F27: =SUM($F$18:$F$26) -> 113 | K27: =SUM($K$18:$K$26) -> 43.050416 | L27: =SUM($L$18:$L$26) -> 56.595404 | M27: =SUM($M$18:$M$26) -> 69.577577 | N27: =SUM($N$18:$N$26) -> 79.999539
A29: Variance (approx) | K29: =IF($B$7="","",SUMPRODUCT($F$18:$F$26,$G$18:$G$26,(1-$G$18:$G$26))) -> 19.144715 | L29: =IF($B$8="","",SUMPRODUCT($F$18:$F$26,$H$18:$H$26,(1-$H$18:$H$26))) -> 20.511481 | M29: =IF($B$9="","",SUMPRODUCT($F$18:$F$26,$I$18:$I$26,(1-$I$18:$I$26))) -> 20.949144 | N29: =IF($B$10="","",SUMPRODUCT($F$18:$F$26,$J$18:$J$26,(1-$J$18:$J$26))) -> 19.613087
A30: Std dev (approx) | K30: =IF($B$7="","",SQRT(K29)) -> 4.3754674 | L30: =IF($B$8="","",SQRT(L29)) -> 4.5289603 | M30: =IF($B$9="","",SQRT(M29)) -> 4.5770235 | N30: =IF($B$10="","",SQRT(N29)) -> 4.4286665

Sheet Quiz 7
A1: Quiz 7 – Scope, Weights, Thresholds, Pass Probabilities
A3: Controls (blue = editable) | D3: Threshold & pass probabilities
A4: Quiz level (n) | B4: 7 | D4: Pass threshold (expected correct at ability n) | E4: =M27 -> 94.507415
A5: Total questions (N) | B5: 150 | D5: Pass threshold (rounded up) | E5: =ROUNDUP($E$4,0) -> 95
A6: Note: Weight share is proportional to (items × weight).
A7: Ability n-1 | B7: =IF(OR($B$4-1<0.5,$B$4-1>15),"",$B$4-1) -> 6 | D7: P-1 (ability n-1) | E7: =IF($B$7="",-1,IF(K30=0,IF(K27>=$E$5,1,0),1-_xlfn.NORM.DIST($E$5-0.5,K27,K30,TRUE))) -> 3.9765777e-09
A8: Ability n-0.5 | B8: =IF(OR($B$4-0.5<0.5,$B$4-0.5>15),"",$B$4-0.5) -> 6.5 | D8: P-0.5 (ability n-0.5) | E8: =IF($B$8="",-1,IF(L30=0,IF(L27>=$E$5,1,0),1-_xlfn.NORM.DIST($E$5-0.5,L27,L30,TRUE))) -> 0.003511154
A9: Ability n | B9: =$B$4 -> 7 | D9: P-0 (ability n) | E9: =IF($B$9="",-1,IF(M30=0,IF(M27>=$E$5,1,0),1-_xlfn.NORM.DIST($E$5-0.5,M27,M30,TRUE))) -> 0.50054221
A10: Ability n+0.5 | B10: =IF(OR($B$4+0.5<0.5,$B$4+0.5>15),"",$B$4+0.5) -> 7.5 | D10: P+0.5 (ability n+0.5) | E10: =IF($B$10="",-1,IF(N30=0,IF(N27>=$E$5,1,0),1-_xlfn.NORM.DIST($E$5-0.5,N27,N30,TRUE))) -> 0.97720871
E11: n-1 | F11: n-0.5 | G11: n | H11: n+0.5
D12: Mean correct | E12: =IF($B$7="","",K27) -> 63.703839 | F12: =IF($B$8="","",L27) -> 79.618225 | G12: =IF($B$9="","",M27) -> 94.507415 | H12: =IF($B$10="","",N27) -> 104.98428
D13: Accuracy % | E13: =IF($B$7="","",K27/$B$5) -> 0.42469226 | F13: =IF($B$8="","",L27/$B$5) -> 0.53078816 | G13: =IF($B$9="","",M27/$B$5) -> 0.63004943 | H13: =IF($B$10="","",N27/$B$5) -> 0.69989517
D14: Std dev correct | E14: =IF($B$7="","",K30) -> 5.3378002 | F14: =IF($B$8="","",L30) -> 5.5203876 | G14: =IF($B$9="","",M30) -> 5.4554182 | H14: =IF($B$10="","",N30) -> 5.2441349
A17: Set | B17: Items | C17: Weight (per item) | D17: Items×Weight | E17: Weight share | F17: Expected questions | G17: p(correct) @ n-1 | H17: p(correct) @ n-0.5 | I17: p(correct) @ n | J17: p(correct) @ n+0.5 | K17: Exp correct @ n-1 | L17: Exp correct @ n-0.5 | M17: Exp correct @ n | N17: Exp correct @ n+0.5
A18: S6 | B18: =INDEX(AccuracyTable!$A$2:$A$31, MATCH($A18, AccuracyTable!$B$2:$B$31, 0)) -> 2021 | C18: 1 | D18: =B18*C18 -> 2021 | E18: =D18/SUM($D$18:$D$26) -> 0.071693742 | F18: =$B$5*E18 -> 10.754061 | G18: =IF($B$7="","",INDEX(AccuracyTable!$C$2:$AF$31, MATCH($A18, AccuracyTable!$B$2:$B$31, 0), MATCH($B$7, AccuracyTable!$C$1:$AF$1, 0))) -> 0.7008 | H18: =IF($B$8="","",INDEX(AccuracyTable!$C$2:$AF$31, MATCH($A18, AccuracyTable!$B$2:$B$31, 0), MATCH($B$8, AccuracyTable!$C$1:$AF$1, 0))) -> 0.8035 | I18: =IF($B$9="","",INDEX(AccuracyTable!$C$2:$AF$31, MATCH($A18, AccuracyTable!$B$2:$B$31, 0), MATCH($B$9, AccuracyTable!$C$1:$AF$1, 0))) -> 0.8837 | J18: =IF($B$10="","",INDEX(AccuracyTable!$C$2:$AF$31, MATCH($A18, AccuracyTable!$B$2:$B$31, 0), MATCH($B$10, AccuracyTable!$C$1:$AF$1, 0))) -> 0.9249 | K18: =IF($B$7="","",F18*G18) -> 7.5364462 | L18: =IF($B$8="","",F18*H18) -> 8.6408883 | M18: =IF($B$9="","",F18*I18) -> 9.503364 | N18: =IF($B$10="","",F18*J18) -> 9.9464314
A19: S7 | B19: =INDEX(AccuracyTable!$A$2:$A$31, MATCH($A19, AccuracyTable!$B$2:$B$31, 0)) -> 2806 | C19: 1.5 | D19: =B19*C19 -> 4209 | E19: =D19/SUM($D$18:$D$26) -> 0.14931171 | F19: =$B$5*E19 -> 22.396756 | G19: =IF($B$7="","",INDEX(AccuracyTable!$C$2:$AF$31, MATCH($A19, AccuracyTable!$B$2:$B$31, 0), MATCH($B$7, AccuracyTable!$C$1:$AF$1, 0))) -> 0.5405 | H19: =IF($B$8="","",INDEX(AccuracyTable!$C$2:$AF$31, MATCH($A19, AccuracyTable!$B$2:$B$31, 0), MATCH($B$8, AccuracyTable!$C$1:$AF$1, 0))) -> 0.6589 | I19: =IF($B$9="","",INDEX(AccuracyTable!$C$2:$AF$31, MATCH($A19, AccuracyTable!$B$2:$B$31, 0), MATCH($B$9, AccuracyTable!$C$1:$AF$1, 0))) -> 0.7599 | J19: =IF($B$10="","",INDEX(AccuracyTable!$C$2:$AF$31, MATCH($A19, AccuracyTable!$B$2:$B$31, 0), MATCH($B$10, AccuracyTable!$C$1:$AF$1, 0))) -> 0.8303 | K19: =IF($B$7="","",F19*G19) -> 12.105447 | L19: =IF($B$8="","",F19*H19) -> 14.757223 | M19: =IF($B$9="","",F19*I19) -> 17.019295 | N19: =IF($B$10="","",F19*J19) -> 18.596027
A20: S8 | B20: =INDEX(AccuracyTable!$A$2:$A$31, MATCH($A20, AccuracyTable!$B$2:$B$31, 0)) -> 3785 | C20: 1.5 | D20: =B20*C20 -> 5677.5 | E20: =D20/SUM($D$18:$D$26) -> 0.20140585 | F20: =$B$5*E20 -> 30.210878 | G20: =IF($B$7="","",INDEX(AccuracyTable!$C$2:$AF$31, MATCH($A20, AccuracyTable!$B$2:$B$31, 0), MATCH($B$7, AccuracyTable!$C$1:$AF$1, 0))) -> 0.4224 | H20: =IF($B$8="","",INDEX(AccuracyTable!$C$2:$AF$31, MATCH($A20, AccuracyTable!$B$2:$B$31, 0), MATCH($B$8, AccuracyTable!$C$1:$AF$1, 0))) -> 0.5535 | I20: =IF($B$9="","",INDEX(AccuracyTable!$C$2:$AF$31, MATCH($A20, AccuracyTable!$B$2:$B$31, 0), MATCH($B$9, AccuracyTable!$C$1:$AF$1, 0))) -> 0.6643 | J20: =IF($B$10="","",INDEX(AccuracyTable!$C$2:$AF$31, MATCH($A20, AccuracyTable!$B$2:$B$31, 0), MATCH($B$10, AccuracyTable!$C$1:$AF$1, 0))) -> 0.7412 | K20: =IF($B$7="","",F20*G20) -> 12.761075 | L20: =IF($B$8="","",F20*H20) -> 16.721721 | M20: =IF($B$9="","",F20*I20) -> 20.069086 | N20: =IF($B$10="","",F20*J20) -> 22.392302
A21: S9 | B21: =INDEX(AccuracyTable!$A$2:$A$31, MATCH($A21, AccuracyTable!$B$2:$B$31, 0)) -> 4374 | C21: 1.3 | D21: =B21*C21 -> 5686.2 | E21: =D21/SUM($D$18:$D$26) -> 0.20171448 | F21: =$B$5*E21 -> 30.257172 | G21: =IF($B$7="","",INDEX(AccuracyTable!$C$2:$AF$31, MATCH($A21, AccuracyTable!$B$2:$B$31, 0), MATCH($B$7, AccuracyTable!$C$1:$AF$1, 0))) -> 0.3049 | H21: =IF($B$8="","",INDEX(AccuracyTable!$C$2:$AF$31, MATCH($A21, AccuracyTable!$B$2:$B$31, 0), MATCH($B$8, AccuracyTable!$C$1:$AF$1, 0))) -> 0.436 | I21: =IF($B$9="","",INDEX(AccuracyTable!$C$2:$AF$31, MATCH($A21, AccuracyTable!$B$2:$B$31, 0), MATCH($B$9, AccuracyTable!$C$1:$AF$1, 0))) -> 0.5548 | J21: =IF($B$10="","",INDEX(AccuracyTable!$C$2:$AF$31, MATCH($A21, AccuracyTable!$B$2:$B$31, 0), MATCH($B$10, AccuracyTable!$C$1:$AF$1, 0))) -> 0.6352 | K21: =IF($B$7="","",F21*G21) -> 9.2254116 | L21: =IF($B$8="","",F21*H21) -> 13.192127 | M21: =IF($B$9="","",F21*I21) -> 16.786679 | N21: =IF($B$10="","",F21*J21) -> 19.219355
A22: S10 | B22: =INDEX(AccuracyTable!$A$2:$A$31, MATCH($A22, AccuracyTable!$B$2:$B$31, 0)) -> 4503 | C22: 1 | D22: =B22*C22 -> 4503 | E22: =D22/SUM($D$18:$D$26) -> 0.15974118 | F22: =$B$5*E22 -> 23.961177 | G22: =IF($B$7="","",INDEX(AccuracyTable!$C$2:$AF$31, MATCH($A22, AccuracyTable!$B$2:$B$31, 0), MATCH($B$7, AccuracyTable!$C$1:$AF$1, 0))) -> 0.2072 | H22: =IF($B$8="","",INDEX(AccuracyTable!$C$2:$AF$31, MATCH($A22, AccuracyTable!$B$2:$B$31, 0), MATCH($B$8, AccuracyTable!$C$1:$AF$1, 0))) -> 0.319 | I22: =IF($B$9="","",INDEX(AccuracyTable!$C$2:$AF$31, MATCH($A22, AccuracyTable!$B$2:$B$31, 0), MATCH($B$9, AccuracyTable!$C$1:$AF$1, 0))) -> 0.4423 | J22: =IF($B$10="","",INDEX(AccuracyTable!$C$2:$AF$31, MATCH($A22, AccuracyTable!$B$2:$B$31, 0), MATCH($B$10, AccuracyTable!$C$1:$AF$1, 0))) -> 0.5311 | K22: =IF($B$7="","",F22*G22) -> 4.9647558 | L22: =IF($B$8="","",F22*H22) -> 7.6436154 | M22: =IF($B$9="","",F22*I22) -> 10.598029 | N22: =IF($B$10="","",F22*J22) -> 12.725781
A23: S11 | B23: =INDEX(AccuracyTable!$A$2:$A$31, MATCH($A23, AccuracyTable!$B$2:$B$31, 0)) -> 4470 | C23: 0.7 | D23: =B23*C23 -> 3129 | E23: =D23/SUM($D$18:$D$26) -> 0.11099937 | F23: =$B$5*E23 -> 16.649905 | G23: =IF($B$7="","",INDEX(AccuracyTable!$C$2:$AF$31, MATCH($A23, AccuracyTable!$B$2:$B$31, 0), MATCH($B$7, AccuracyTable!$C$1:$AF$1, 0))) -> 0.141 | H23: =IF($B$8="","",INDEX(AccuracyTable!$C$2:$AF$31, MATCH($A23, AccuracyTable!$B$2:$B$31, 0), MATCH($B$8, AccuracyTable!$C$1:$AF$1, 0))) -> 0.2217 | I23: =IF($B$9="","",INDEX(AccuracyTable!$C$2:$AF$31, MATCH($A23, AccuracyTable!$B$2:$B$31, 0), MATCH($B$9, AccuracyTable!$C$1:$AF$1, 0))) -> 0.3333 | J23: =IF($B$10="","",INDEX(AccuracyTable!$C$2:$AF$31, MATCH($A23, AccuracyTable!$B$2:$B$31, 0), MATCH($B$10, AccuracyTable!$C$1:$AF$1, 0))) -> 0.4278 | K23: =IF($B$7="","",F23*G23) -> 2.3476366 | L23: =IF($B$8="","",F23*H23) -> 3.6912839 | M23: =IF($B$9="","",F23*I23) -> 5.5494133 | N23: =IF($B$10="","",F23*J23) -> 7.1228294
A24: L7 | B24: =INDEX(AccuracyTable!$A$2:$A$31, MATCH($A24, AccuracyTable!$B$2:$B$31, 0)) -> 1086 | C24: 0.8 | D24: =B24*C24 -> 868.8 | E24: =D24/SUM($D$18:$D$26) -> 0.03082015 | F24: =$B$5*E24 -> 4.6230225 | G24: =IF($B$7="","",INDEX(AccuracyTable!$C$2:$AF$31, MATCH($A24, AccuracyTable!$B$2:$B$31, 0), MATCH($B$7, AccuracyTable!$C$1:$AF$1, 0))) -> 0.9497 | H24: =IF($B$8="","",INDEX(AccuracyTable!$C$2:$AF$31, MATCH($A24, AccuracyTable!$B$2:$B$31, 0), MATCH($B$8, AccuracyTable!$C$1:$AF$1, 0))) -> 0.95 | I24: =IF($B$9="","",INDEX(AccuracyTable!$C$2:$AF$31, MATCH($A24, AccuracyTable!$B$2:$B$31, 0), MATCH($B$9, AccuracyTable!$C$1:$AF$1, 0))) -> 0.95 | J24: =IF($B$10="","",INDEX(AccuracyTable!$C$2:$AF$31, MATCH($A24, AccuracyTable!$B$2:$B$31, 0), MATCH($B$10, AccuracyTable!$C$1:$AF$1, 0))) -> 0.95 | K24: =IF($B$7="","",F24*G24) -> 4.3904845 | L24: =IF($B$8="","",F24*H24) -> 4.3918714 | M24: =IF($B$9="","",F24*I24) -> 4.3918714 | N24: =IF($B$10="","",F24*J24) -> 4.3918714
A25: L8 | B25: =INDEX(AccuracyTable!$A$2:$A$31, MATCH($A25, AccuracyTable!$B$2:$B$31, 0)) -> 1821 | C25: 0.65 | D25: =B25*C25 -> 1183.65 | E25: =D25/SUM($D$18:$D$26) -> 0.041989262 | F25: =$B$5*E25 -> 6.2983893 | G25: =IF($B$7="","",INDEX(AccuracyTable!$C$2:$AF$31, MATCH($A25, AccuracyTable!$B$2:$B$31, 0), MATCH($B$7, AccuracyTable!$C$1:$AF$1, 0))) -> 0.9444 | H25: =IF($B$8="","",INDEX(AccuracyTable!$C$2:$AF$31, MATCH($A25, AccuracyTable!$B$2:$B$31, 0), MATCH($B$8, AccuracyTable!$C$1:$AF$1, 0))) -> 0.95 | I25: =IF($B$9="","",INDEX(AccuracyTable!$C$2:$AF$31, MATCH($A25, AccuracyTable!$B$2:$B$31, 0), MATCH($B$9, AccuracyTable!$C$1:$AF$1, 0))) -> 0.95 | J25: =IF($B$10="","",INDEX(AccuracyTable!$C$2:$AF$31, MATCH($A25, AccuracyTable!$B$2:$B$31, 0), MATCH($B$10, AccuracyTable!$C$1:$AF$1, 0))) -> 0.95 | K25: =IF($B$7="","",F25*G25) -> 5.9481988 | L25: =IF($B$8="","",F25*H25) -> 5.9834698 | M25: =IF($B$9="","",F25*I25) -> 5.9834698 | N25: =IF($B$10="","",F25*J25) -> 5.9834698
A26: L9 | B26: =INDEX(AccuracyTable!$A$2:$A$31, MATCH($A26, AccuracyTable!$B$2:$B$31, 0)) -> 2278 | C26: 0.4 | D26: =B26*C26 -> 911.2 | E26: =D26/SUM($D$18:$D$26) -> 0.032324264 | F26: =$B$5*E26 -> 4.8486396 | G26: =IF($B$7="","",INDEX(AccuracyTable!$C$2:$AF$31, MATCH($A26, AccuracyTable!$B$2:$B$31, 0), MATCH($B$7, AccuracyTable!$C$1:$AF$1, 0))) -> 0.9125 | H26: =IF($B$8="","",INDEX(AccuracyTable!$C$2:$AF$31, MATCH($A26, AccuracyTable!$B$2:$B$31, 0), MATCH($B$8, AccuracyTable!$C$1:$AF$1, 0))) -> 0.9479 | I26: =IF($B$9="","",INDEX(AccuracyTable!$C$2:$AF$31, MATCH($A26, AccuracyTable!$B$2:$B$31, 0), MATCH($B$9, AccuracyTable!$C$1:$AF$1, 0))) -> 0.95 | J26: =IF($B$10="","",INDEX(AccuracyTable!$C$2:$AF$31, MATCH($A26, AccuracyTable!$B$2:$B$31, 0), MATCH($B$10, AccuracyTable!$C$1:$AF$1, 0))) -> 0.95 | K26: =IF($B$7="","",F26*G26) -> 4.4243837 | L26: =IF($B$8="","",F26*H26) -> 4.5960255 | M26: =IF($B$9="","",F26*I26) -> 4.6062077 | N26: =IF($B$10="","",F26*J26) -> 4.6062077
A27: TOTAL | D27: =SUM($D$18:$D$26) -> 28189.35 | E27: =SUM($E$18:$E$26) -> 1 | F27: =SUM($F$18:$F$26) -> 150 | K27: =SUM($K$18:$K$26) -> 63.703839 | L27: =SUM($L$18:$L$26) -> 79.618225 | M27: =SUM($M$18:$M$26) -> 94.507415 | N27: =SUM($N$18:$N$26) -> 104.98428
A29: Variance (approx) | K29: =IF($B$7="","",SUMPRODUCT($F$18:$F$26,$G$18:$G$26,(1-$G$18:$G$26))) -> 28.492111 | L29: =IF($B$8="","",SUMPRODUCT($F$18:$F$26,$H$18:$H$26,(1-$H$18:$H$26))) -> 30.474679 | M29: =IF($B$9="","",SUMPRODUCT($F$18:$F$26,$I$18:$I$26,(1-$I$18:$I$26))) -> 29.761587 | N29: =IF($B$10="","",SUMPRODUCT($F$18:$F$26,$J$18:$J$26,(1-$J$18:$J$26))) -> 27.500951
A30: Std dev (approx) | K30: =IF($B$7="","",SQRT(K29)) -> 5.3378002 | L30: =IF($B$8="","",SQRT(L29)) -> 5.5203876 | M30: =IF($B$9="","",SQRT(M29)) -> 5.4554182 | N30: =IF($B$10="","",SQRT(N29)) -> 5.2441349

Sheet Quiz 8
A1: Quiz 8 – Scope, Weights, Thresholds, Pass Probabilities
A3: Controls (blue = editable) | D3: Threshold & pass probabilities
A4: Quiz level (n) | B4: 8 | D4: Pass threshold (expected correct at ability n) | E4: =M29 -> 99.578022
A5: Total questions (N) | B5: 161 | D5: Pass threshold (rounded up) | E5: =ROUNDUP($E$4,0) -> 100
A6: Note: Weight share is proportional to (items × weight).
A7: Ability n-1 | B7: =IF(OR($B$4-1<0.5,$B$4-1>15),"",$B$4-1) -> 7 | D7: P-1 (ability n-1) | E7: =IF($B$7="",-1,IF(K32=0,IF(K29>=$E$5,1,0),1-_xlfn.NORM.DIST($E$5-0.5,K29,K32,TRUE))) -> 9.8763544e-06
A8: Ability n-0.5 | B8: =IF(OR($B$4-0.5<0.5,$B$4-0.5>15),"",$B$4-0.5) -> 7.5 | D8: P-0.5 (ability n-0.5) | E8: =IF($B$8="",-1,IF(L32=0,IF(L29>=$E$5,1,0),1-_xlfn.NORM.DIST($E$5-0.5,L29,L32,TRUE))) -> 0.021367294
A9: Ability n | B9: =$B$4 -> 8 | D9: P-0 (ability n) | E9: =IF($B$9="",-1,IF(M32=0,IF(M29>=$E$5,1,0),1-_xlfn.NORM.DIST($E$5-0.5,M29,M32,TRUE))) -> 0.50553341
A10: Ability n+0.5 | B10: =IF(OR($B$4+0.5<0.5,$B$4+0.5>15),"",$B$4+0.5) -> 8.5 | D10: P+0.5 (ability n+0.5) | E10: =IF($B$10="",-1,IF(N32=0,IF(N29>=$E$5,1,0),1-_xlfn.NORM.DIST($E$5-0.5,N29,N32,TRUE))) -> 0.95825936
E11: n-1 | F11: n-0.5 | G11: n | H11: n+0.5
D12: Mean correct | E12: =IF($B$7="","",K29) -> 75.594616 | F12: =IF($B$8="","",L29) -> 87.999139 | G12: =IF($B$9="","",M29) -> 99.578022 | H12: =IF($B$10="","",N29) -> 108.98384
D13: Accuracy % | E13: =IF($B$7="","",K29/$B$5) -> 0.46953178 | F13: =IF($B$8="","",L29/$B$5) -> 0.54657851 | G13: =IF($B$9="","",M29/$B$5) -> 0.61849703 | H13: =IF($B$10="","",N29/$B$5) -> 0.67691825
D14: Std dev correct | E14: =IF($B$7="","",K32) -> 5.6015099 | F14: =IF($B$8="","",L32) -> 5.6758083 | G14: =IF($B$9="","",M32) -> 5.6249367 | H14: =IF($B$10="","",N32) -> 5.4793444
A17: Set | B17: Items | C17: Weight (per item) | D17: Items×Weight | E17: Weight share | F17: Expected questions | G17: p(correct) @ n-1 | H17: p(correct) @ n-0.5 | I17: p(correct) @ n | J17: p(correct) @ n+0.5 | K17: Exp correct @ n-1 | L17: Exp correct @ n-0.5 | M17: Exp correct @ n | N17: Exp correct @ n+0.5
A18: S6 | B18: =INDEX(AccuracyTable!$A$2:$A$31, MATCH($A18, AccuracyTable!$B$2:$B$31, 0)) -> 2021 | C18: 0.7 | D18: =B18*C18 -> 1414.7 | E18: =D18/SUM($D$18:$D$28) -> 0.033867995 | F18: =$B$5*E18 -> 5.4527471 | G18: =IF($B$7="","",INDEX(AccuracyTable!$C$2:$AF$31, MATCH($A18, AccuracyTable!$B$2:$B$31, 0), MATCH($B$7, AccuracyTable!$C$1:$AF$1, 0))) -> 0.8837 | H18: =IF($B$8="","",INDEX(AccuracyTable!$C$2:$AF$31, MATCH($A18, AccuracyTable!$B$2:$B$31, 0), MATCH($B$8, AccuracyTable!$C$1:$AF$1, 0))) -> 0.9249 | I18: =IF($B$9="","",INDEX(AccuracyTable!$C$2:$AF$31, MATCH($A18, AccuracyTable!$B$2:$B$31, 0), MATCH($B$9, AccuracyTable!$C$1:$AF$1, 0))) -> 0.9442 | J18: =IF($B$10="","",INDEX(AccuracyTable!$C$2:$AF$31, MATCH($A18, AccuracyTable!$B$2:$B$31, 0), MATCH($B$10, AccuracyTable!$C$1:$AF$1, 0))) -> 0.9493 | K18: =IF($B$7="","",F18*G18) -> 4.8185926 | L18: =IF($B$8="","",F18*H18) -> 5.0432458 | M18: =IF($B$9="","",F18*I18) -> 5.1484838 | N18: =IF($B$10="","",F18*J18) -> 5.1762928 | P18: =I18-H18 -> 0.0193
A19: S7 | B19: =INDEX(AccuracyTable!$A$2:$A$31, MATCH($A19, AccuracyTable!$B$2:$B$31, 0)) -> 2806 | C19: 1 | D19: =B19*C19 -> 2806 | E19: =D19/SUM($D$18:$D$28) -> 0.067175792 | F19: =$B$5*E19 -> 10.815302 | G19: =IF($B$7="","",INDEX(AccuracyTable!$C$2:$AF$31, MATCH($A19, AccuracyTable!$B$2:$B$31, 0), MATCH($B$7, AccuracyTable!$C$1:$AF$1, 0))) -> 0.7599 | H19: =IF($B$8="","",INDEX(AccuracyTable!$C$2:$AF$31, MATCH($A19, AccuracyTable!$B$2:$B$31, 0), MATCH($B$8, AccuracyTable!$C$1:$AF$1, 0))) -> 0.8303 | I19: =IF($B$9="","",INDEX(AccuracyTable!$C$2:$AF$31, MATCH($A19, AccuracyTable!$B$2:$B$31, 0), MATCH($B$9, AccuracyTable!$C$1:$AF$1, 0))) -> 0.8885 | J19: =IF($B$10="","",INDEX(AccuracyTable!$C$2:$AF$31, MATCH($A19, AccuracyTable!$B$2:$B$31, 0), MATCH($B$10, AccuracyTable!$C$1:$AF$1, 0))) -> 0.9257 | K19: =IF($B$7="","",F19*G19) -> 8.2185484 | L19: =IF($B$8="","",F19*H19) -> 8.9799457 | M19: =IF($B$9="","",F19*I19) -> 9.6093963 | N19: =IF($B$10="","",F19*J19) -> 10.011726 | P19: =I19-H19 -> 0.0582
A20: S8 | B20: =INDEX(AccuracyTable!$A$2:$A$31, MATCH($A20, AccuracyTable!$B$2:$B$31, 0)) -> 3785 | C20: 1.5 | D20: =B20*C20 -> 5677.5 | E20: =D20/SUM($D$18:$D$28) -> 0.13591966 | F20: =$B$5*E20 -> 21.883065 | G20: =IF($B$7="","",INDEX(AccuracyTable!$C$2:$AF$31, MATCH($A20, AccuracyTable!$B$2:$B$31, 0), MATCH($B$7, AccuracyTable!$C$1:$AF$1, 0))) -> 0.6643 | H20: =IF($B$8="","",INDEX(AccuracyTable!$C$2:$AF$31, MATCH($A20, AccuracyTable!$B$2:$B$31, 0), MATCH($B$8, AccuracyTable!$C$1:$AF$1, 0))) -> 0.7412 | I20: =IF($B$9="","",INDEX(AccuracyTable!$C$2:$AF$31, MATCH($A20, AccuracyTable!$B$2:$B$31, 0), MATCH($B$9, AccuracyTable!$C$1:$AF$1, 0))) -> 0.8082 | J20: =IF($B$10="","",INDEX(AccuracyTable!$C$2:$AF$31, MATCH($A20, AccuracyTable!$B$2:$B$31, 0), MATCH($B$10, AccuracyTable!$C$1:$AF$1, 0))) -> 0.8615 | K20: =IF($B$7="","",F20*G20) -> 14.53692 | L20: =IF($B$8="","",F20*H20) -> 16.219728 | M20: =IF($B$9="","",F20*I20) -> 17.685893 | N20: =IF($B$10="","",F20*J20) -> 18.85226 | P20: =I20-H20 -> 0.067
A21: S9 | B21: =INDEX(AccuracyTable!$A$2:$A$31, MATCH($A21, AccuracyTable!$B$2:$B$31, 0)) -> 4374 | C21: 1.3 | D21: =B21*C21 -> 5686.2 | E21: =D21/SUM($D$18:$D$28) -> 0.13612794 | F21: =$B$5*E21 -> 21.916598 | G21: =IF($B$7="","",INDEX(AccuracyTable!$C$2:$AF$31, MATCH($A21, AccuracyTable!$B$2:$B$31, 0), MATCH($B$7, AccuracyTable!$C$1:$AF$1, 0))) -> 0.5548 | H21: =IF($B$8="","",INDEX(AccuracyTable!$C$2:$AF$31, MATCH($A21, AccuracyTable!$B$2:$B$31, 0), MATCH($B$8, AccuracyTable!$C$1:$AF$1, 0))) -> 0.6352 | I21: =IF($B$9="","",INDEX(AccuracyTable!$C$2:$AF$31, MATCH($A21, AccuracyTable!$B$2:$B$31, 0), MATCH($B$9, AccuracyTable!$C$1:$AF$1, 0))) -> 0.7044 | J21: =IF($B$10="","",INDEX(AccuracyTable!$C$2:$AF$31, MATCH($A21, AccuracyTable!$B$2:$B$31, 0), MATCH($B$10, AccuracyTable!$C$1:$AF$1, 0))) -> 0.7614 | K21: =IF($B$7="","",F21*G21) -> 12.159328 | L21: =IF($B$8="","",F21*H21) -> 13.921423 | M21: =IF($B$9="","",F21*I21) -> 15.438051 | N21: =IF($B$10="","",F21*J21) -> 16.687297 | P21: =I21-H21 -> 0.0692
A22: S10 | B22: =INDEX(AccuracyTable!$A$2:$A$31, MATCH($A22, AccuracyTable!$B$2:$B$31, 0)) -> 4503 | C22: 1.3 | D22: =B22*C22 -> 5853.9 | E22: =D22/SUM($D$18:$D$28) -> 0.14014268 | F22: =$B$5*E22 -> 22.562972 | G22: =IF($B$7="","",INDEX(AccuracyTable!$C$2:$AF$31, MATCH($A22, AccuracyTable!$B$2:$B$31, 0), MATCH($B$7, AccuracyTable!$C$1:$AF$1, 0))) -> 0.4423 | H22: =IF($B$8="","",INDEX(AccuracyTable!$C$2:$AF$31, MATCH($A22, AccuracyTable!$B$2:$B$31, 0), MATCH($B$8, AccuracyTable!$C$1:$AF$1, 0))) -> 0.5311 | I22: =IF($B$9="","",INDEX(AccuracyTable!$C$2:$AF$31, MATCH($A22, AccuracyTable!$B$2:$B$31, 0), MATCH($B$9, AccuracyTable!$C$1:$AF$1, 0))) -> 0.6075 | J22: =IF($B$10="","",INDEX(AccuracyTable!$C$2:$AF$31, MATCH($A22, AccuracyTable!$B$2:$B$31, 0), MATCH($B$10, AccuracyTable!$C$1:$AF$1, 0))) -> 0.6688 | K22: =IF($B$7="","",F22*G22) -> 9.9796025 | L22: =IF($B$8="","",F22*H22) -> 11.983194 | M22: =IF($B$9="","",F22*I22) -> 13.707005 | N22: =IF($B$10="","",F22*J22) -> 15.090116 | P22: =I22-H22 -> 0.0764
A23: S11 | B23: =INDEX(AccuracyTable!$A$2:$A$31, MATCH($A23, AccuracyTable!$B$2:$B$31, 0)) -> 4470 | C23: 1.3 | D23: =B23*C23 -> 5811 | E23: =D23/SUM($D$18:$D$28) -> 0.13911565 | F23: =$B$5*E23 -> 22.39762 | G23: =IF($B$7="","",INDEX(AccuracyTable!$C$2:$AF$31, MATCH($A23, AccuracyTable!$B$2:$B$31, 0), MATCH($B$7, AccuracyTable!$C$1:$AF$1, 0))) -> 0.3333 | H23: =IF($B$8="","",INDEX(AccuracyTable!$C$2:$AF$31, MATCH($A23, AccuracyTable!$B$2:$B$31, 0), MATCH($B$8, AccuracyTable!$C$1:$AF$1, 0))) -> 0.4278 | I23: =IF($B$9="","",INDEX(AccuracyTable!$C$2:$AF$31, MATCH($A23, AccuracyTable!$B$2:$B$31, 0), MATCH($B$9, AccuracyTable!$C$1:$AF$1, 0))) -> 0.5118 | J23: =IF($B$10="","",INDEX(AccuracyTable!$C$2:$AF$31, MATCH($A23, AccuracyTable!$B$2:$B$31, 0), MATCH($B$10, AccuracyTable!$C$1:$AF$1, 0))) -> 0.5783 | K23: =IF($B$7="","",F23*G23) -> 7.4651269 | L23: =IF($B$8="","",F23*H23) -> 9.581702 | M23: =IF($B$9="","",F23*I23) -> 11.463102 | N23: =IF($B$10="","",F23*J23) -> 12.952544 | P23: =I23-H23 -> 0.084
A24: S12 | B24: =INDEX(AccuracyTable!$A$2:$A$31, MATCH($A24, AccuracyTable!$B$2:$B$31, 0)) -> 4276 | C24: 1.5 | D24: =B24*C24 -> 6414 | E24: =D24/SUM($D$18:$D$28) -> 0.15355151 | F24: =$B$5*E24 -> 24.721793 | G24: =IF($B$7="","",INDEX(AccuracyTable!$C$2:$AF$31, MATCH($A24, AccuracyTable!$B$2:$B$31, 0), MATCH($B$7, AccuracyTable!$C$1:$AF$1, 0))) -> 0.2352 | H24: =IF($B$8="","",INDEX(AccuracyTable!$C$2:$AF$31, MATCH($A24, AccuracyTable!$B$2:$B$31, 0), MATCH($B$8, AccuracyTable!$C$1:$AF$1, 0))) -> 0.3252 | I24: =IF($B$9="","",INDEX(AccuracyTable!$C$2:$AF$31, MATCH($A24, AccuracyTable!$B$2:$B$31, 0), MATCH($B$9, AccuracyTable!$C$1:$AF$1, 0))) -> 0.4172 | J24: =IF($B$10="","",INDEX(AccuracyTable!$C$2:$AF$31, MATCH($A24, AccuracyTable!$B$2:$B$31, 0), MATCH($B$10, AccuracyTable!$C$1:$AF$1, 0))) -> 0.4925 | K24: =IF($B$7="","",F24*G24) -> 5.8145656 | L24: =IF($B$8="","",F24*H24) -> 8.039527 | M24: =IF($B$9="","",F24*I24) -> 10.313932 | N24: =IF($B$10="","",F24*J24) -> 12.175483 | P24: =I24-H24 -> 0.092
A25: S13 | B25: =INDEX(AccuracyTable!$A$2:$A$31, MATCH($A25, AccuracyTable!$B$2:$B$31, 0)) -> 4380 | C25: 1.3 | D25: =B25*C25 -> 5694 | E25: =D25/SUM($D$18:$D$28) -> 0.13631467 | F25: =$B$5*E25 -> 21.946662 | G25: =IF($B$7="","",INDEX(AccuracyTable!$C$2:$AF$31, MATCH($A25, AccuracyTable!$B$2:$B$31, 0), MATCH($B$7, AccuracyTable!$C$1:$AF$1, 0))) -> 0.1715 | H25: =IF($B$8="","",INDEX(AccuracyTable!$C$2:$AF$31, MATCH($A25, AccuracyTable!$B$2:$B$31, 0), MATCH($B$8, AccuracyTable!$C$1:$AF$1, 0))) -> 0.2457 | I25: =IF($B$9="","",INDEX(AccuracyTable!$C$2:$AF$31, MATCH($A25, AccuracyTable!$B$2:$B$31, 0), MATCH($B$9, AccuracyTable!$C$1:$AF$1, 0))) -> 0.336 | J25: =IF($B$10="","",INDEX(AccuracyTable!$C$2:$AF$31, MATCH($A25, AccuracyTable!$B$2:$B$31, 0), MATCH($B$10, AccuracyTable!$C$1:$AF$1, 0))) -> 0.4192 | K25: =IF($B$7="","",F25*G25) -> 3.7638525 | L25: =IF($B$8="","",F25*H25) -> 5.3922947 | M25: =IF($B$9="","",F25*I25) -> 7.3740783 | N25: =IF($B$10="","",F25*J25) -> 9.2000405 | P25: =I25-H25 -> 0.0903
A26: L8 | B26: =INDEX(AccuracyTable!$A$2:$A$31, MATCH($A26, AccuracyTable!$B$2:$B$31, 0)) -> 1821 | C26: 0.7 | D26: =B26*C26 -> 1274.7 | E26: =D26/SUM($D$18:$D$28) -> 0.030516387 | F26: =$B$5*E26 -> 4.9131383 | G26: =IF($B$7="","",INDEX(AccuracyTable!$C$2:$AF$31, MATCH($A26, AccuracyTable!$B$2:$B$31, 0), MATCH($B$7, AccuracyTable!$C$1:$AF$1, 0))) -> 0.95 | H26: =IF($B$8="","",INDEX(AccuracyTable!$C$2:$AF$31, MATCH($A26, AccuracyTable!$B$2:$B$31, 0), MATCH($B$8, AccuracyTable!$C$1:$AF$1, 0))) -> 0.95 | I26: =IF($B$9="","",INDEX(AccuracyTable!$C$2:$AF$31, MATCH($A26, AccuracyTable!$B$2:$B$31, 0), MATCH($B$9, AccuracyTable!$C$1:$AF$1, 0))) -> 0.95 | J26: =IF($B$10="","",INDEX(AccuracyTable!$C$2:$AF$31, MATCH($A26, AccuracyTable!$B$2:$B$31, 0), MATCH($B$10, AccuracyTable!$C$1:$AF$1, 0))) -> 0.95 | K26: =IF($B$7="","",F26*G26) -> 4.6674814 | L26: =IF($B$8="","",F26*H26) -> 4.6674814 | M26: =IF($B$9="","",F26*I26) -> 4.6674814 | N26: =IF($B$10="","",F26*J26) -> 4.6674814 | P26: =I26-H26 -> 0
A27: L9 | B27: =INDEX(AccuracyTable!$A$2:$A$31, MATCH($A27, AccuracyTable!$B$2:$B$31, 0)) -> 2278 | C27: 0.5 | D27: =B27*C27 -> 1139 | E27: =D27/SUM($D$18:$D$28) -> 0.027267722 | F27: =$B$5*E27 -> 4.3901032 | G27: =IF($B$7="","",INDEX(AccuracyTable!$C$2:$AF$31, MATCH($A27, AccuracyTable!$B$2:$B$31, 0), MATCH($B$7, AccuracyTable!$C$1:$AF$1, 0))) -> 0.95 | H27: =IF($B$8="","",INDEX(AccuracyTable!$C$2:$AF$31, MATCH($A27, AccuracyTable!$B$2:$B$31, 0), MATCH($B$8, AccuracyTable!$C$1:$AF$1, 0))) -> 0.95 | I27: =IF($B$9="","",INDEX(AccuracyTable!$C$2:$AF$31, MATCH($A27, AccuracyTable!$B$2:$B$31, 0), MATCH($B$9, AccuracyTable!$C$1:$AF$1, 0))) -> 0.95 | J27: =IF($B$10="","",INDEX(AccuracyTable!$C$2:$AF$31, MATCH($A27, AccuracyTable!$B$2:$B$31, 0), MATCH($B$10, AccuracyTable!$C$1:$AF$1, 0))) -> 0.95 | K27: =IF($B$7="","",F27*G27) -> 4.170598 | L27: =IF($B$8="","",F27*H27) -> 4.170598 | M27: =IF($B$9="","",F27*I27) -> 4.170598 | N27: =IF($B$10="","",F27*J27) -> 4.170598 | P27: =I27-H27 -> 0
A28: L10 | B28: =INDEX(AccuracyTable!$A$2:$A$31, MATCH($A28, AccuracyTable!$B$2:$B$31, 0)) -> 2558 | C28: 0 | D28: =B28*C28 -> 0 | E28: =D28/SUM($D$18:$D$28) -> 0 | F28: =$B$5*E28 -> 0 | G28: =IF($B$7="","",INDEX(AccuracyTable!$C$2:$AF$31, MATCH($A28, AccuracyTable!$B$2:$B$31, 0), MATCH($B$7, AccuracyTable!$C$1:$AF$1, 0))) -> 0.9494 | H28: =IF($B$8="","",INDEX(AccuracyTable!$C$2:$AF$31, MATCH($A28, AccuracyTable!$B$2:$B$31, 0), MATCH($B$8, AccuracyTable!$C$1:$AF$1, 0))) -> 0.95 | I28: =IF($B$9="","",INDEX(AccuracyTable!$C$2:$AF$31, MATCH($A28, AccuracyTable!$B$2:$B$31, 0), MATCH($B$9, AccuracyTable!$C$1:$AF$1, 0))) -> 0.95 | J28: =IF($B$10="","",INDEX(AccuracyTable!$C$2:$AF$31, MATCH($A28, AccuracyTable!$B$2:$B$31, 0), MATCH($B$10, AccuracyTable!$C$1:$AF$1, 0))) -> 0.95 | K28: =IF($B$7="","",F28*G28) -> 0 | L28: =IF($B$8="","",F28*H28) -> 0 | M28: =IF($B$9="","",F28*I28) -> 0 | N28: =IF($B$10="","",F28*J28) -> 0 | P28: =I28-H28 -> 0
A29: TOTAL | D29: =SUM($D$18:$D$28) -> 41771 | E29: =SUM($E$18:$E$28) -> 1 | F29: =SUM($F$18:$F$28) -> 161 | K29: =SUM($K$18:$K$28) -> 75.594616 | L29: =SUM($L$18:$L$28) -> 87.999139 | M29: =SUM($M$18:$M$28) -> 99.578022 | N29: =SUM($N$18:$N$28) -> 108.98384
A31: Variance (approx) | K31: =IF($B$7="","",SUMPRODUCT($F$18:$F$28,$G$18:$G$28,(1-$G$18:$G$28))) -> 31.376913 | L31: =IF($B$8="","",SUMPRODUCT($F$18:$F$28,$H$18:$H$28,(1-$H$18:$H$28))) -> 32.2148 | M31: =IF($B$9="","",SUMPRODUCT($F$18:$F$28,$I$18:$I$28,(1-$I$18:$I$28))) -> 31.639913 | N31: =IF($B$10="","",SUMPRODUCT($F$18:$F$28,$J$18:$J$28,(1-$J$18:$J$28))) -> 30.023216
A32: Std dev (approx) | K32: =IF($B$7="","",SQRT(K31)) -> 5.6015099 | L32: =IF($B$8="","",SQRT(L31)) -> 5.6758083 | M32: =IF($B$9="","",SQRT(M31)) -> 5.6249367 | N32: =IF($B$10="","",SQRT(N31)) -> 5.4793444

Sheet Quiz 9
A1: Quiz 9 – Scope, Weights, Thresholds, Pass Probabilities
A3: Controls (blue = editable) | D3: Threshold & pass probabilities
A4: Quiz level (n) | B4: 9 | D4: Pass threshold (expected correct at ability n) | E4: =M29 -> 109.278
A5: Total questions (N) | B5: 162 | D5: Pass threshold (rounded up) | E5: =ROUNDUP($E$4,0) -> 110
A6: Note: Weight share is proportional to (items × weight).
A7: Ability n-1 | B7: =IF(OR($B$4-1<0.5,$B$4-1>15),"",$B$4-1) -> 8 | D7: P-1 (ability n-1) | E7: =IF($B$7="",-1,IF(K32=0,IF(K29>=$E$5,1,0),1-_xlfn.NORM.DIST($E$5-0.5,K29,K32,TRUE))) -> 0.00030373429
A8: Ability n-0.5 | B8: =IF(OR($B$4-0.5<0.5,$B$4-0.5>15),"",$B$4-0.5) -> 8.5 | D8: P-0.5 (ability n-0.5) | E8: =IF($B$8="",-1,IF(L32=0,IF(L29>=$E$5,1,0),1-_xlfn.NORM.DIST($E$5-0.5,L29,L32,TRUE))) -> 0.050491967
A9: Ability n | B9: =$B$4 -> 9 | D9: P-0 (ability n) | E9: =IF($B$9="",-1,IF(M32=0,IF(M29>=$E$5,1,0),1-_xlfn.NORM.DIST($E$5-0.5,M29,M32,TRUE))) -> 0.48398195
A10: Ability n+0.5 | B10: =IF(OR($B$4+0.5<0.5,$B$4+0.5>15),"",$B$4+0.5) -> 9.5 | D10: P+0.5 (ability n+0.5) | E10: =IF($B$10="",-1,IF(N32=0,IF(N29>=$E$5,1,0),1-_xlfn.NORM.DIST($E$5-0.5,N29,N32,TRUE))) -> 0.89830771
E11: n-1 | F11: n-0.5 | G11: n | H11: n+0.5
D12: Mean correct | E12: =IF($B$7="","",K29) -> 89.903453 | F12: =IF($B$8="","",L29) -> 100.20525 | G12: =IF($B$9="","",M29) -> 109.278 | H12: =IF($B$10="","",N29) -> 116.30472
D13: Accuracy % | E13: =IF($B$7="","",K29/$B$5) -> 0.55495959 | F13: =IF($B$8="","",L29/$B$5) -> 0.6185509 | G13: =IF($B$9="","",M29/$B$5) -> 0.67455557 | H13: =IF($B$10="","",N29/$B$5) -> 0.71793034
D14: Std dev correct | E14: =IF($B$7="","",K32) -> 5.7161827 | F14: =IF($B$8="","",L32) -> 5.66718 | G14: =IF($B$9="","",M32) -> 5.5275282 | H14: =IF($B$10="","",N32) -> 5.3497544
A17: Set | B17: Items | C17: Weight (per item) | D17: Items×Weight | E17: Weight share | F17: Expected questions | G17: p(correct) @ n-1 | H17: p(correct) @ n-0.5 | I17: p(correct) @ n | J17: p(correct) @ n+0.5 | K17: Exp correct @ n-1 | L17: Exp correct @ n-0.5 | M17: Exp correct @ n | N17: Exp correct @ n+0.5
A18: S7 | B18: =INDEX(AccuracyTable!$A$2:$A$31, MATCH($A18, AccuracyTable!$B$2:$B$31, 0)) -> 2806 | C18: 0.7 | D18: =B18*C18 -> 1964.2 | E18: =D18/SUM($D$18:$D$28) -> 0.042808697 | F18: =$B$5*E18 -> 6.9350089 | G18: =IF($B$7="","",INDEX(AccuracyTable!$C$2:$AF$31, MATCH($A18, AccuracyTable!$B$2:$B$31, 0), MATCH($B$7, AccuracyTable!$C$1:$AF$1, 0))) -> 0.8885 | H18: =IF($B$8="","",INDEX(AccuracyTable!$C$2:$AF$31, MATCH($A18, AccuracyTable!$B$2:$B$31, 0), MATCH($B$8, AccuracyTable!$C$1:$AF$1, 0))) -> 0.9257 | I18: =IF($B$9="","",INDEX(AccuracyTable!$C$2:$AF$31, MATCH($A18, AccuracyTable!$B$2:$B$31, 0), MATCH($B$9, AccuracyTable!$C$1:$AF$1, 0))) -> 0.9442 | J18: =IF($B$10="","",INDEX(AccuracyTable!$C$2:$AF$31, MATCH($A18, AccuracyTable!$B$2:$B$31, 0), MATCH($B$10, AccuracyTable!$C$1:$AF$1, 0))) -> 0.9492 | K18: =IF($B$7="","",F18*G18) -> 6.1617554 | L18: =IF($B$8="","",F18*H18) -> 6.4197377 | M18: =IF($B$9="","",F18*I18) -> 6.5480354 | N18: =IF($B$10="","",F18*J18) -> 6.5827104 | P18: =I18-H18 -> 0.0185
A19: S8 | B19: =INDEX(AccuracyTable!$A$2:$A$31, MATCH($A19, AccuracyTable!$B$2:$B$31, 0)) -> 3785 | C19: 1.2 | D19: =B19*C19 -> 4542 | E19: =D19/SUM($D$18:$D$28) -> 0.09899048 | F19: =$B$5*E19 -> 16.036458 | G19: =IF($B$7="","",INDEX(AccuracyTable!$C$2:$AF$31, MATCH($A19, AccuracyTable!$B$2:$B$31, 0), MATCH($B$7, AccuracyTable!$C$1:$AF$1, 0))) -> 0.8082 | H19: =IF($B$8="","",INDEX(AccuracyTable!$C$2:$AF$31, MATCH($A19, AccuracyTable!$B$2:$B$31, 0), MATCH($B$8, AccuracyTable!$C$1:$AF$1, 0))) -> 0.8615 | I19: =IF($B$9="","",INDEX(AccuracyTable!$C$2:$AF$31, MATCH($A19, AccuracyTable!$B$2:$B$31, 0), MATCH($B$9, AccuracyTable!$C$1:$AF$1, 0))) -> 0.9045 | J19: =IF($B$10="","",INDEX(AccuracyTable!$C$2:$AF$31, MATCH($A19, AccuracyTable!$B$2:$B$31, 0), MATCH($B$10, AccuracyTable!$C$1:$AF$1, 0))) -> 0.9307 | K19: =IF($B$7="","",F19*G19) -> 12.960665 | L19: =IF($B$8="","",F19*H19) -> 13.815408 | M19: =IF($B$9="","",F19*I19) -> 14.504976 | N19: =IF($B$10="","",F19*J19) -> 14.925131 | P19: =I19-H19 -> 0.043
A20: S9 | B20: =INDEX(AccuracyTable!$A$2:$A$31, MATCH($A20, AccuracyTable!$B$2:$B$31, 0)) -> 4374 | C20: 1.5 | D20: =B20*C20 -> 6561 | E20: =D20/SUM($D$18:$D$28) -> 0.14299351 | F20: =$B$5*E20 -> 23.164949 | G20: =IF($B$7="","",INDEX(AccuracyTable!$C$2:$AF$31, MATCH($A20, AccuracyTable!$B$2:$B$31, 0), MATCH($B$7, AccuracyTable!$C$1:$AF$1, 0))) -> 0.7044 | H20: =IF($B$8="","",INDEX(AccuracyTable!$C$2:$AF$31, MATCH($A20, AccuracyTable!$B$2:$B$31, 0), MATCH($B$8, AccuracyTable!$C$1:$AF$1, 0))) -> 0.7614 | I20: =IF($B$9="","",INDEX(AccuracyTable!$C$2:$AF$31, MATCH($A20, AccuracyTable!$B$2:$B$31, 0), MATCH($B$9, AccuracyTable!$C$1:$AF$1, 0))) -> 0.8141 | J20: =IF($B$10="","",INDEX(AccuracyTable!$C$2:$AF$31, MATCH($A20, AccuracyTable!$B$2:$B$31, 0), MATCH($B$10, AccuracyTable!$C$1:$AF$1, 0))) -> 0.8577 | K20: =IF($B$7="","",F20*G20) -> 16.31739 | L20: =IF($B$8="","",F20*H20) -> 17.637792 | M20: =IF($B$9="","",F20*I20) -> 18.858585 | N20: =IF($B$10="","",F20*J20) -> 19.868577 | P20: =I20-H20 -> 0.0527
A21: S10 | B21: =INDEX(AccuracyTable!$A$2:$A$31, MATCH($A21, AccuracyTable!$B$2:$B$31, 0)) -> 4503 | C21: 1.4 | D21: =B21*C21 -> 6304.2 | E21: =D21/SUM($D$18:$D$28) -> 0.13739669 | F21: =$B$5*E21 -> 22.258264 | G21: =IF($B$7="","",INDEX(AccuracyTable!$C$2:$AF$31, MATCH($A21, AccuracyTable!$B$2:$B$31, 0), MATCH($B$7, AccuracyTable!$C$1:$AF$1, 0))) -> 0.6075 | H21: =IF($B$8="","",INDEX(AccuracyTable!$C$2:$AF$31, MATCH($A21, AccuracyTable!$B$2:$B$31, 0), MATCH($B$8, AccuracyTable!$C$1:$AF$1, 0))) -> 0.6688 | I21: =IF($B$9="","",INDEX(AccuracyTable!$C$2:$AF$31, MATCH($A21, AccuracyTable!$B$2:$B$31, 0), MATCH($B$9, AccuracyTable!$C$1:$AF$1, 0))) -> 0.7233 | J21: =IF($B$10="","",INDEX(AccuracyTable!$C$2:$AF$31, MATCH($A21, AccuracyTable!$B$2:$B$31, 0), MATCH($B$10, AccuracyTable!$C$1:$AF$1, 0))) -> 0.7684 | K21: =IF($B$7="","",F21*G21) -> 13.521896 | L21: =IF($B$8="","",F21*H21) -> 14.886327 | M21: =IF($B$9="","",F21*I21) -> 16.099403 | N21: =IF($B$10="","",F21*J21) -> 17.10325 | P21: =I21-H21 -> 0.0545
A22: S11 | B22: =INDEX(AccuracyTable!$A$2:$A$31, MATCH($A22, AccuracyTable!$B$2:$B$31, 0)) -> 4470 | C22: 1.2 | D22: =B22*C22 -> 5364 | E22: =D22/SUM($D$18:$D$28) -> 0.11690553 | F22: =$B$5*E22 -> 18.938697 | G22: =IF($B$7="","",INDEX(AccuracyTable!$C$2:$AF$31, MATCH($A22, AccuracyTable!$B$2:$B$31, 0), MATCH($B$7, AccuracyTable!$C$1:$AF$1, 0))) -> 0.5118 | H22: =IF($B$8="","",INDEX(AccuracyTable!$C$2:$AF$31, MATCH($A22, AccuracyTable!$B$2:$B$31, 0), MATCH($B$8, AccuracyTable!$C$1:$AF$1, 0))) -> 0.5783 | I22: =IF($B$9="","",INDEX(AccuracyTable!$C$2:$AF$31, MATCH($A22, AccuracyTable!$B$2:$B$31, 0), MATCH($B$9, AccuracyTable!$C$1:$AF$1, 0))) -> 0.6357 | J22: =IF($B$10="","",INDEX(AccuracyTable!$C$2:$AF$31, MATCH($A22, AccuracyTable!$B$2:$B$31, 0), MATCH($B$10, AccuracyTable!$C$1:$AF$1, 0))) -> 0.6814 | K22: =IF($B$7="","",F22*G22) -> 9.6928249 | L22: =IF($B$8="","",F22*H22) -> 10.952248 | M22: =IF($B$9="","",F22*I22) -> 12.039329 | N22: =IF($B$10="","",F22*J22) -> 12.904828 | P22: =I22-H22 -> 0.0574
A23: S12 | B23: =INDEX(AccuracyTable!$A$2:$A$31, MATCH($A23, AccuracyTable!$B$2:$B$31, 0)) -> 4276 | C23: 1.2 | D23: =B23*C23 -> 5131.2 | E23: =D23/SUM($D$18:$D$28) -> 0.11183178 | F23: =$B$5*E23 -> 18.116749 | G23: =IF($B$7="","",INDEX(AccuracyTable!$C$2:$AF$31, MATCH($A23, AccuracyTable!$B$2:$B$31, 0), MATCH($B$7, AccuracyTable!$C$1:$AF$1, 0))) -> 0.4172 | H23: =IF($B$8="","",INDEX(AccuracyTable!$C$2:$AF$31, MATCH($A23, AccuracyTable!$B$2:$B$31, 0), MATCH($B$8, AccuracyTable!$C$1:$AF$1, 0))) -> 0.4925 | I23: =IF($B$9="","",INDEX(AccuracyTable!$C$2:$AF$31, MATCH($A23, AccuracyTable!$B$2:$B$31, 0), MATCH($B$9, AccuracyTable!$C$1:$AF$1, 0))) -> 0.557 | J23: =IF($B$10="","",INDEX(AccuracyTable!$C$2:$AF$31, MATCH($A23, AccuracyTable!$B$2:$B$31, 0), MATCH($B$10, AccuracyTable!$C$1:$AF$1, 0))) -> 0.6078 | K23: =IF($B$7="","",F23*G23) -> 7.5583075 | L23: =IF($B$8="","",F23*H23) -> 8.9224987 | M23: =IF($B$9="","",F23*I23) -> 10.091029 | N23: =IF($B$10="","",F23*J23) -> 11.01136 | P23: =I23-H23 -> 0.0645
A24: S13 | B24: =INDEX(AccuracyTable!$A$2:$A$31, MATCH($A24, AccuracyTable!$B$2:$B$31, 0)) -> 4380 | C24: 1.4 | D24: =B24*C24 -> 6132 | E24: =D24/SUM($D$18:$D$28) -> 0.13364369 | F24: =$B$5*E24 -> 21.650277 | G24: =IF($B$7="","",INDEX(AccuracyTable!$C$2:$AF$31, MATCH($A24, AccuracyTable!$B$2:$B$31, 0), MATCH($B$7, AccuracyTable!$C$1:$AF$1, 0))) -> 0.336 | H24: =IF($B$8="","",INDEX(AccuracyTable!$C$2:$AF$31, MATCH($A24, AccuracyTable!$B$2:$B$31, 0), MATCH($B$8, AccuracyTable!$C$1:$AF$1, 0))) -> 0.4192 | I24: =IF($B$9="","",INDEX(AccuracyTable!$C$2:$AF$31, MATCH($A24, AccuracyTable!$B$2:$B$31, 0), MATCH($B$9, AccuracyTable!$C$1:$AF$1, 0))) -> 0.4923 | J24: =IF($B$10="","",INDEX(AccuracyTable!$C$2:$AF$31, MATCH($A24, AccuracyTable!$B$2:$B$31, 0), MATCH($B$10, AccuracyTable!$C$1:$AF$1, 0))) -> 0.5482 | K24: =IF($B$7="","",F24*G24) -> 7.2744931 | L24: =IF($B$8="","",F24*H24) -> 9.0757962 | M24: =IF($B$9="","",F24*I24) -> 10.658431 | N24: =IF($B$10="","",F24*J24) -> 11.868682 | P24: =I24-H24 -> 0.0731
A25: S14 | B25: =INDEX(AccuracyTable!$A$2:$A$31, MATCH($A25, AccuracyTable!$B$2:$B$31, 0)) -> 4674 | C25: 1.5 | D25: =B25*C25 -> 7011 | E25: =D25/SUM($D$18:$D$28) -> 0.15280103 | F25: =$B$5*E25 -> 24.753766 | G25: =IF($B$7="","",INDEX(AccuracyTable!$C$2:$AF$31, MATCH($A25, AccuracyTable!$B$2:$B$31, 0), MATCH($B$7, AccuracyTable!$C$1:$AF$1, 0))) -> 0.2738 | H25: =IF($B$8="","",INDEX(AccuracyTable!$C$2:$AF$31, MATCH($A25, AccuracyTable!$B$2:$B$31, 0), MATCH($B$8, AccuracyTable!$C$1:$AF$1, 0))) -> 0.3578 | I25: =IF($B$9="","",INDEX(AccuracyTable!$C$2:$AF$31, MATCH($A25, AccuracyTable!$B$2:$B$31, 0), MATCH($B$9, AccuracyTable!$C$1:$AF$1, 0))) -> 0.4379 | J25: =IF($B$10="","",INDEX(AccuracyTable!$C$2:$AF$31, MATCH($A25, AccuracyTable!$B$2:$B$31, 0), MATCH($B$10, AccuracyTable!$C$1:$AF$1, 0))) -> 0.501 | K25: =IF($B$7="","",F25*G25) -> 6.7775812 | L25: =IF($B$8="","",F25*H25) -> 8.8568975 | M25: =IF($B$9="","",F25*I25) -> 10.839674 | N25: =IF($B$10="","",F25*J25) -> 12.401637 | P25: =I25-H25 -> 0.0801
A26: L9 | B26: =INDEX(AccuracyTable!$A$2:$A$31, MATCH($A26, AccuracyTable!$B$2:$B$31, 0)) -> 2278 | C26: 0.7 | D26: =B26*C26 -> 1594.6 | E26: =D26/SUM($D$18:$D$28) -> 0.034753461 | F26: =$B$5*E26 -> 5.6300607 | G26: =IF($B$7="","",INDEX(AccuracyTable!$C$2:$AF$31, MATCH($A26, AccuracyTable!$B$2:$B$31, 0), MATCH($B$7, AccuracyTable!$C$1:$AF$1, 0))) -> 0.95 | H26: =IF($B$8="","",INDEX(AccuracyTable!$C$2:$AF$31, MATCH($A26, AccuracyTable!$B$2:$B$31, 0), MATCH($B$8, AccuracyTable!$C$1:$AF$1, 0))) -> 0.95 | I26: =IF($B$9="","",INDEX(AccuracyTable!$C$2:$AF$31, MATCH($A26, AccuracyTable!$B$2:$B$31, 0), MATCH($B$9, AccuracyTable!$C$1:$AF$1, 0))) -> 0.95 | J26: =IF($B$10="","",INDEX(AccuracyTable!$C$2:$AF$31, MATCH($A26, AccuracyTable!$B$2:$B$31, 0), MATCH($B$10, AccuracyTable!$C$1:$AF$1, 0))) -> 0.95 | K26: =IF($B$7="","",F26*G26) -> 5.3485576 | L26: =IF($B$8="","",F26*H26) -> 5.3485576 | M26: =IF($B$9="","",F26*I26) -> 5.3485576 | N26: =IF($B$10="","",F26*J26) -> 5.3485576 | P26: =I26-H26 -> 0
A27: L10 | B27: =INDEX(AccuracyTable!$A$2:$A$31, MATCH($A27, AccuracyTable!$B$2:$B$31, 0)) -> 2558 | C27: 0.5 | D27: =B27*C27 -> 1279 | E27: =D27/SUM($D$18:$D$28) -> 0.027875126 | F27: =$B$5*E27 -> 4.5157705 | G27: =IF($B$7="","",INDEX(AccuracyTable!$C$2:$AF$31, MATCH($A27, AccuracyTable!$B$2:$B$31, 0), MATCH($B$7, AccuracyTable!$C$1:$AF$1, 0))) -> 0.95 | H27: =IF($B$8="","",INDEX(AccuracyTable!$C$2:$AF$31, MATCH($A27, AccuracyTable!$B$2:$B$31, 0), MATCH($B$8, AccuracyTable!$C$1:$AF$1, 0))) -> 0.95 | I27: =IF($B$9="","",INDEX(AccuracyTable!$C$2:$AF$31, MATCH($A27, AccuracyTable!$B$2:$B$31, 0), MATCH($B$9, AccuracyTable!$C$1:$AF$1, 0))) -> 0.95 | J27: =IF($B$10="","",INDEX(AccuracyTable!$C$2:$AF$31, MATCH($A27, AccuracyTable!$B$2:$B$31, 0), MATCH($B$10, AccuracyTable!$C$1:$AF$1, 0))) -> 0.95 | K27: =IF($B$7="","",F27*G27) -> 4.289982 | L27: =IF($B$8="","",F27*H27) -> 4.289982 | M27: =IF($B$9="","",F27*I27) -> 4.289982 | N27: =IF($B$10="","",F27*J27) -> 4.289982 | P27: =I27-H27 -> 0
A28: L11 | B28: =INDEX(AccuracyTable!$A$2:$A$31, MATCH($A28, AccuracyTable!$B$2:$B$31, 0)) -> 2005 | C28: 0 | D28: =B28*C28 -> 0 | E28: =D28/SUM($D$18:$D$28) -> 0 | F28: =$B$5*E28 -> 0 | G28: =IF($B$7="","",INDEX(AccuracyTable!$C$2:$AF$31, MATCH($A28, AccuracyTable!$B$2:$B$31, 0), MATCH($B$7, AccuracyTable!$C$1:$AF$1, 0))) -> 0.95 | H28: =IF($B$8="","",INDEX(AccuracyTable!$C$2:$AF$31, MATCH($A28, AccuracyTable!$B$2:$B$31, 0), MATCH($B$8, AccuracyTable!$C$1:$AF$1, 0))) -> 0.95 | I28: =IF($B$9="","",INDEX(AccuracyTable!$C$2:$AF$31, MATCH($A28, AccuracyTable!$B$2:$B$31, 0), MATCH($B$9, AccuracyTable!$C$1:$AF$1, 0))) -> 0.95 | J28: =IF($B$10="","",INDEX(AccuracyTable!$C$2:$AF$31, MATCH($A28, AccuracyTable!$B$2:$B$31, 0), MATCH($B$10, AccuracyTable!$C$1:$AF$1, 0))) -> 0.95 | K28: =IF($B$7="","",F28*G28) -> 0 | L28: =IF($B$8="","",F28*H28) -> 0 | M28: =IF($B$9="","",F28*I28) -> 0 | N28: =IF($B$10="","",F28*J28) -> 0 | P28: =I28-H28 -> 0
A29: TOTAL | D29: =SUM($D$18:$D$28) -> 45883.2 | E29: =SUM($E$18:$E$28) -> 1 | F29: =SUM($F$18:$F$28) -> 162 | K29: =SUM($K$18:$K$28) -> 89.903453 | L29: =SUM($L$18:$L$28) -> 100.20525 | M29: =SUM($M$18:$M$28) -> 109.278 | N29: =SUM($N$18:$N$28) -> 116.30472
A31: Variance (approx) | K31: =IF($B$7="","",SUMPRODUCT($F$18:$F$28,$G$18:$G$28,(1-$G$18:$G$28))) -> 32.674745 | L31: =IF($B$8="","",SUMPRODUCT($F$18:$F$28,$H$18:$H$28,(1-$H$18:$H$28))) -> 32.11693 | M31: =IF($B$9="","",SUMPRODUCT($F$18:$F$28,$I$18:$I$28,(1-$I$18:$I$28))) -> 30.553568 | N31: =IF($B$10="","",SUMPRODUCT($F$18:$F$28,$J$18:$J$28,(1-$J$18:$J$28))) -> 28.619872
A32: Std dev (approx) | K32: =IF($B$7="","",SQRT(K31)) -> 5.7161827 | L32: =IF($B$8="","",SQRT(L31)) -> 5.66718 | M32: =IF($B$9="","",SQRT(M31)) -> 5.5275282 | N32: =IF($B$10="","",SQRT(N31)) -> 5.3497544

Sheet Quiz 10
A1: Quiz 10 – Scope, Weights, Thresholds, Pass Probabilities
A3: Controls (blue = editable) | D3: Threshold & pass probabilities
A4: Quiz level (n) | B4: 10 | D4: Pass threshold (expected correct at ability n) | E4: =M29 -> 134.54031
A5: Total questions (N) | B5: 193 | D5: Pass threshold (rounded up) | E5: =ROUNDUP($E$4,0) -> 135
A6: Note: Weight share is proportional to (items × weight).
A7: Ability n-1 | B7: =IF(OR($B$4-1<0.5,$B$4-1>15),"",$B$4-1) -> 9 | D7: P-1 (ability n-1) | E7: =IF($B$7="",-1,IF(K32=0,IF(K29>=$E$5,1,0),1-_xlfn.NORM.DIST($E$5-0.5,K29,K32,TRUE))) -> 0.002608761
A8: Ability n-0.5 | B8: =IF(OR($B$4-0.5<0.5,$B$4-0.5>15),"",$B$4-0.5) -> 9.5 | D8: P-0.5 (ability n-0.5) | E8: =IF($B$8="",-1,IF(L32=0,IF(L29>=$E$5,1,0),1-_xlfn.NORM.DIST($E$5-0.5,L29,L32,TRUE))) -> 0.088418298
A9: Ability n | B9: =$B$4 -> 10 | D9: P-0 (ability n) | E9: =IF($B$9="",-1,IF(M32=0,IF(M29>=$E$5,1,0),1-_xlfn.NORM.DIST($E$5-0.5,M29,M32,TRUE))) -> 0.50269175
A10: Ability n+0.5 | B10: =IF(OR($B$4+0.5<0.5,$B$4+0.5>15),"",$B$4+0.5) -> 10.5 | D10: P+0.5 (ability n+0.5) | E10: =IF($B$10="",-1,IF(N32=0,IF(N29>=$E$5,1,0),1-_xlfn.NORM.DIST($E$5-0.5,N29,N32,TRUE))) -> 0.87942401
E11: n-1 | F11: n-0.5 | G11: n | H11: n+0.5
D12: Mean correct | E12: =IF($B$7="","",K29) -> 116.94434 | F12: =IF($B$8="","",L29) -> 126.18329 | G12: =IF($B$9="","",M29) -> 134.54031 | H12: =IF($B$10="","",N29) -> 141.2712
D13: Accuracy % | E13: =IF($B$7="","",K29/$B$5) -> 0.60592923 | F13: =IF($B$8="","",L29/$B$5) -> 0.65379942 | G13: =IF($B$9="","",M29/$B$5) -> 0.69710005 | H13: =IF($B$10="","",N29/$B$5) -> 0.73197513
D14: Std dev correct | E14: =IF($B$7="","",K32) -> 6.284944 | F14: =IF($B$8="","",L32) -> 6.1579755 | G14: =IF($B$9="","",M32) -> 5.9742498 | H14: =IF($B$10="","",N32) -> 5.7769205
A17: Set | B17: Items | C17: Weight (per item) | D17: Items×Weight | E17: Weight share | F17: Expected questions | G17: p(correct) @ n-1 | H17: p(correct) @ n-0.5 | I17: p(correct) @ n | J17: p(correct) @ n+0.5 | K17: Exp correct @ n-1 | L17: Exp correct @ n-0.5 | M17: Exp correct @ n | N17: Exp correct @ n+0.5
A18: S8 | B18: =INDEX(AccuracyTable!$A$2:$A$31, MATCH($A18, AccuracyTable!$B$2:$B$31, 0)) -> 3785 | C18: 0.7 | D18: =B18*C18 -> 2649.5 | E18: =D18/SUM($D$18:$D$28) -> 0.05357309 | F18: =$B$5*E18 -> 10.339606 | G18: =IF($B$7="","",INDEX(AccuracyTable!$C$2:$AF$31, MATCH($A18, AccuracyTable!$B$2:$B$31, 0), MATCH($B$7, AccuracyTable!$C$1:$AF$1, 0))) -> 0.9045 | H18: =IF($B$8="","",INDEX(AccuracyTable!$C$2:$AF$31, MATCH($A18, AccuracyTable!$B$2:$B$31, 0), MATCH($B$8, AccuracyTable!$C$1:$AF$1, 0))) -> 0.9307 | I18: =IF($B$9="","",INDEX(AccuracyTable!$C$2:$AF$31, MATCH($A18, AccuracyTable!$B$2:$B$31, 0), MATCH($B$9, AccuracyTable!$C$1:$AF$1, 0))) -> 0.9445 | J18: =IF($B$10="","",INDEX(AccuracyTable!$C$2:$AF$31, MATCH($A18, AccuracyTable!$B$2:$B$31, 0), MATCH($B$10, AccuracyTable!$C$1:$AF$1, 0))) -> 0.9489 | K18: =IF($B$7="","",F18*G18) -> 9.3521739 | L18: =IF($B$8="","",F18*H18) -> 9.6230716 | M18: =IF($B$9="","",F18*I18) -> 9.7657581 | N18: =IF($B$10="","",F18*J18) -> 9.8112524 | P18: =I18-H18 -> 0.0138
A19: S9 | B19: =INDEX(AccuracyTable!$A$2:$A$31, MATCH($A19, AccuracyTable!$B$2:$B$31, 0)) -> 4374 | C19: 1.4 | D19: =B19*C19 -> 6123.6 | E19: =D19/SUM($D$18:$D$28) -> 0.12381965 | F19: =$B$5*E19 -> 23.897193 | G19: =IF($B$7="","",INDEX(AccuracyTable!$C$2:$AF$31, MATCH($A19, AccuracyTable!$B$2:$B$31, 0), MATCH($B$7, AccuracyTable!$C$1:$AF$1, 0))) -> 0.8141 | H19: =IF($B$8="","",INDEX(AccuracyTable!$C$2:$AF$31, MATCH($A19, AccuracyTable!$B$2:$B$31, 0), MATCH($B$8, AccuracyTable!$C$1:$AF$1, 0))) -> 0.8577 | I19: =IF($B$9="","",INDEX(AccuracyTable!$C$2:$AF$31, MATCH($A19, AccuracyTable!$B$2:$B$31, 0), MATCH($B$9, AccuracyTable!$C$1:$AF$1, 0))) -> 0.8962 | J19: =IF($B$10="","",INDEX(AccuracyTable!$C$2:$AF$31, MATCH($A19, AccuracyTable!$B$2:$B$31, 0), MATCH($B$10, AccuracyTable!$C$1:$AF$1, 0))) -> 0.9224 | K19: =IF($B$7="","",F19*G19) -> 19.454705 | L19: =IF($B$8="","",F19*H19) -> 20.496622 | M19: =IF($B$9="","",F19*I19) -> 21.416664 | N19: =IF($B$10="","",F19*J19) -> 22.042771 | P19: =I19-H19 -> 0.0385
A20: S10 | B20: =INDEX(AccuracyTable!$A$2:$A$31, MATCH($A20, AccuracyTable!$B$2:$B$31, 0)) -> 4503 | C20: 1.5 | D20: =B20*C20 -> 6754.5 | E20: =D20/SUM($D$18:$D$28) -> 0.1365765 | F20: =$B$5*E20 -> 26.359264 | G20: =IF($B$7="","",INDEX(AccuracyTable!$C$2:$AF$31, MATCH($A20, AccuracyTable!$B$2:$B$31, 0), MATCH($B$7, AccuracyTable!$C$1:$AF$1, 0))) -> 0.7233 | H20: =IF($B$8="","",INDEX(AccuracyTable!$C$2:$AF$31, MATCH($A20, AccuracyTable!$B$2:$B$31, 0), MATCH($B$8, AccuracyTable!$C$1:$AF$1, 0))) -> 0.7684 | I20: =IF($B$9="","",INDEX(AccuracyTable!$C$2:$AF$31, MATCH($A20, AccuracyTable!$B$2:$B$31, 0), MATCH($B$9, AccuracyTable!$C$1:$AF$1, 0))) -> 0.8122 | J20: =IF($B$10="","",INDEX(AccuracyTable!$C$2:$AF$31, MATCH($A20, AccuracyTable!$B$2:$B$31, 0), MATCH($B$10, AccuracyTable!$C$1:$AF$1, 0))) -> 0.8497 | K20: =IF($B$7="","",F20*G20) -> 19.065656 | L20: =IF($B$8="","",F20*H20) -> 20.254459 | M20: =IF($B$9="","",F20*I20) -> 21.408994 | N20: =IF($B$10="","",F20*J20) -> 22.397467 | P20: =I20-H20 -> 0.0438
A21: S11 | B21: =INDEX(AccuracyTable!$A$2:$A$31, MATCH($A21, AccuracyTable!$B$2:$B$31, 0)) -> 4470 | C21: 1.5 | D21: =B21*C21 -> 6705 | E21: =D21/SUM($D$18:$D$28) -> 0.1355756 | F21: =$B$5*E21 -> 26.166092 | G21: =IF($B$7="","",INDEX(AccuracyTable!$C$2:$AF$31, MATCH($A21, AccuracyTable!$B$2:$B$31, 0), MATCH($B$7, AccuracyTable!$C$1:$AF$1, 0))) -> 0.6357 | H21: =IF($B$8="","",INDEX(AccuracyTable!$C$2:$AF$31, MATCH($A21, AccuracyTable!$B$2:$B$31, 0), MATCH($B$8, AccuracyTable!$C$1:$AF$1, 0))) -> 0.6814 | I21: =IF($B$9="","",INDEX(AccuracyTable!$C$2:$AF$31, MATCH($A21, AccuracyTable!$B$2:$B$31, 0), MATCH($B$9, AccuracyTable!$C$1:$AF$1, 0))) -> 0.725 | J21: =IF($B$10="","",INDEX(AccuracyTable!$C$2:$AF$31, MATCH($A21, AccuracyTable!$B$2:$B$31, 0), MATCH($B$10, AccuracyTable!$C$1:$AF$1, 0))) -> 0.7635 | K21: =IF($B$7="","",F21*G21) -> 16.633785 | L21: =IF($B$8="","",F21*H21) -> 17.829575 | M21: =IF($B$9="","",F21*I21) -> 18.970417 | N21: =IF($B$10="","",F21*J21) -> 19.977811 | P21: =I21-H21 -> 0.0436
A22: S12 | B22: =INDEX(AccuracyTable!$A$2:$A$31, MATCH($A22, AccuracyTable!$B$2:$B$31, 0)) -> 4276 | C22: 1.2 | D22: =B22*C22 -> 5131.2 | E22: =D22/SUM($D$18:$D$28) -> 0.10375325 | F22: =$B$5*E22 -> 20.024377 | G22: =IF($B$7="","",INDEX(AccuracyTable!$C$2:$AF$31, MATCH($A22, AccuracyTable!$B$2:$B$31, 0), MATCH($B$7, AccuracyTable!$C$1:$AF$1, 0))) -> 0.557 | H22: =IF($B$8="","",INDEX(AccuracyTable!$C$2:$AF$31, MATCH($A22, AccuracyTable!$B$2:$B$31, 0), MATCH($B$8, AccuracyTable!$C$1:$AF$1, 0))) -> 0.6078 | I22: =IF($B$9="","",INDEX(AccuracyTable!$C$2:$AF$31, MATCH($A22, AccuracyTable!$B$2:$B$31, 0), MATCH($B$9, AccuracyTable!$C$1:$AF$1, 0))) -> 0.6548 | J22: =IF($B$10="","",INDEX(AccuracyTable!$C$2:$AF$31, MATCH($A22, AccuracyTable!$B$2:$B$31, 0), MATCH($B$10, AccuracyTable!$C$1:$AF$1, 0))) -> 0.6945 | K22: =IF($B$7="","",F22*G22) -> 11.153578 | L22: =IF($B$8="","",F22*H22) -> 12.170817 | M22: =IF($B$9="","",F22*I22) -> 13.111962 | N22: =IF($B$10="","",F22*J22) -> 13.90693 | P22: =I22-H22 -> 0.047
A23: S13 | B23: =INDEX(AccuracyTable!$A$2:$A$31, MATCH($A23, AccuracyTable!$B$2:$B$31, 0)) -> 4380 | C23: 1.3 | D23: =B23*C23 -> 5694 | E23: =D23/SUM($D$18:$D$28) -> 0.11513311 | F23: =$B$5*E23 -> 22.22069 | G23: =IF($B$7="","",INDEX(AccuracyTable!$C$2:$AF$31, MATCH($A23, AccuracyTable!$B$2:$B$31, 0), MATCH($B$7, AccuracyTable!$C$1:$AF$1, 0))) -> 0.4923 | H23: =IF($B$8="","",INDEX(AccuracyTable!$C$2:$AF$31, MATCH($A23, AccuracyTable!$B$2:$B$31, 0), MATCH($B$8, AccuracyTable!$C$1:$AF$1, 0))) -> 0.5482 | I23: =IF($B$9="","",INDEX(AccuracyTable!$C$2:$AF$31, MATCH($A23, AccuracyTable!$B$2:$B$31, 0), MATCH($B$9, AccuracyTable!$C$1:$AF$1, 0))) -> 0.5982 | J23: =IF($B$10="","",INDEX(AccuracyTable!$C$2:$AF$31, MATCH($A23, AccuracyTable!$B$2:$B$31, 0), MATCH($B$10, AccuracyTable!$C$1:$AF$1, 0))) -> 0.6391 | K23: =IF($B$7="","",F23*G23) -> 10.939246 | L23: =IF($B$8="","",F23*H23) -> 12.181382 | M23: =IF($B$9="","",F23*I23) -> 13.292417 | N23: =IF($B$10="","",F23*J23) -> 14.201243 | P23: =I23-H23 -> 0.05
A24: S14 | B24: =INDEX(AccuracyTable!$A$2:$A$31, MATCH($A24, AccuracyTable!$B$2:$B$31, 0)) -> 4674 | C24: 1.5 | D24: =B24*C24 -> 7011 | E24: =D24/SUM($D$18:$D$28) -> 0.14176295 | F24: =$B$5*E24 -> 27.360249 | G24: =IF($B$7="","",INDEX(AccuracyTable!$C$2:$AF$31, MATCH($A24, AccuracyTable!$B$2:$B$31, 0), MATCH($B$7, AccuracyTable!$C$1:$AF$1, 0))) -> 0.4379 | H24: =IF($B$8="","",INDEX(AccuracyTable!$C$2:$AF$31, MATCH($A24, AccuracyTable!$B$2:$B$31, 0), MATCH($B$8, AccuracyTable!$C$1:$AF$1, 0))) -> 0.501 | I24: =IF($B$9="","",INDEX(AccuracyTable!$C$2:$AF$31, MATCH($A24, AccuracyTable!$B$2:$B$31, 0), MATCH($B$9, AccuracyTable!$C$1:$AF$1, 0))) -> 0.5578 | J24: =IF($B$10="","",INDEX(AccuracyTable!$C$2:$AF$31, MATCH($A24, AccuracyTable!$B$2:$B$31, 0), MATCH($B$10, AccuracyTable!$C$1:$AF$1, 0))) -> 0.6034 | K24: =IF($B$7="","",F24*G24) -> 11.981053 | L24: =IF($B$8="","",F24*H24) -> 13.707485 | M24: =IF($B$9="","",F24*I24) -> 15.261547 | N24: =IF($B$10="","",F24*J24) -> 16.509174 | P24: =I24-H24 -> 0.0568
A25: S15 | B25: =INDEX(AccuracyTable!$A$2:$A$31, MATCH($A25, AccuracyTable!$B$2:$B$31, 0)) -> 5269 | C25: 1.3 | D25: =B25*C25 -> 6849.7 | E25: =D25/SUM($D$18:$D$28) -> 0.13850145 | F25: =$B$5*E25 -> 26.73078 | G25: =IF($B$7="","",INDEX(AccuracyTable!$C$2:$AF$31, MATCH($A25, AccuracyTable!$B$2:$B$31, 0), MATCH($B$7, AccuracyTable!$C$1:$AF$1, 0))) -> 0.3351 | H25: =IF($B$8="","",INDEX(AccuracyTable!$C$2:$AF$31, MATCH($A25, AccuracyTable!$B$2:$B$31, 0), MATCH($B$8, AccuracyTable!$C$1:$AF$1, 0))) -> 0.3933 | I25: =IF($B$9="","",INDEX(AccuracyTable!$C$2:$AF$31, MATCH($A25, AccuracyTable!$B$2:$B$31, 0), MATCH($B$9, AccuracyTable!$C$1:$AF$1, 0))) -> 0.4454 | J25: =IF($B$10="","",INDEX(AccuracyTable!$C$2:$AF$31, MATCH($A25, AccuracyTable!$B$2:$B$31, 0), MATCH($B$10, AccuracyTable!$C$1:$AF$1, 0))) -> 0.487 | K25: =IF($B$7="","",F25*G25) -> 8.9574843 | L25: =IF($B$8="","",F25*H25) -> 10.513216 | M25: =IF($B$9="","",F25*I25) -> 11.905889 | N25: =IF($B$10="","",F25*J25) -> 13.01789 | P25: =I25-H25 -> 0.0521
A26: L10 | B26: =INDEX(AccuracyTable!$A$2:$A$31, MATCH($A26, AccuracyTable!$B$2:$B$31, 0)) -> 2558 | C26: 0.6 | D26: =B26*C26 -> 1534.8 | E26: =D26/SUM($D$18:$D$28) -> 0.031033772 | F26: =$B$5*E26 -> 5.9895179 | G26: =IF($B$7="","",INDEX(AccuracyTable!$C$2:$AF$31, MATCH($A26, AccuracyTable!$B$2:$B$31, 0), MATCH($B$7, AccuracyTable!$C$1:$AF$1, 0))) -> 0.95 | H26: =IF($B$8="","",INDEX(AccuracyTable!$C$2:$AF$31, MATCH($A26, AccuracyTable!$B$2:$B$31, 0), MATCH($B$8, AccuracyTable!$C$1:$AF$1, 0))) -> 0.95 | I26: =IF($B$9="","",INDEX(AccuracyTable!$C$2:$AF$31, MATCH($A26, AccuracyTable!$B$2:$B$31, 0), MATCH($B$9, AccuracyTable!$C$1:$AF$1, 0))) -> 0.95 | J26: =IF($B$10="","",INDEX(AccuracyTable!$C$2:$AF$31, MATCH($A26, AccuracyTable!$B$2:$B$31, 0), MATCH($B$10, AccuracyTable!$C$1:$AF$1, 0))) -> 0.95 | K26: =IF($B$7="","",F26*G26) -> 5.690042 | L26: =IF($B$8="","",F26*H26) -> 5.690042 | M26: =IF($B$9="","",F26*I26) -> 5.690042 | N26: =IF($B$10="","",F26*J26) -> 5.690042 | P26: =I26-H26 -> 0
A27: L11 | B27: =INDEX(AccuracyTable!$A$2:$A$31, MATCH($A27, AccuracyTable!$B$2:$B$31, 0)) -> 2005 | C27: 0.5 | D27: =B27*C27 -> 1002.5 | E27: =D27/SUM($D$18:$D$28) -> 0.020270625 | F27: =$B$5*E27 -> 3.9122307 | G27: =IF($B$7="","",INDEX(AccuracyTable!$C$2:$AF$31, MATCH($A27, AccuracyTable!$B$2:$B$31, 0), MATCH($B$7, AccuracyTable!$C$1:$AF$1, 0))) -> 0.95 | H27: =IF($B$8="","",INDEX(AccuracyTable!$C$2:$AF$31, MATCH($A27, AccuracyTable!$B$2:$B$31, 0), MATCH($B$8, AccuracyTable!$C$1:$AF$1, 0))) -> 0.95 | I27: =IF($B$9="","",INDEX(AccuracyTable!$C$2:$AF$31, MATCH($A27, AccuracyTable!$B$2:$B$31, 0), MATCH($B$9, AccuracyTable!$C$1:$AF$1, 0))) -> 0.95 | J27: =IF($B$10="","",INDEX(AccuracyTable!$C$2:$AF$31, MATCH($A27, AccuracyTable!$B$2:$B$31, 0), MATCH($B$10, AccuracyTable!$C$1:$AF$1, 0))) -> 0.95 | K27: =IF($B$7="","",F27*G27) -> 3.7166192 | L27: =IF($B$8="","",F27*H27) -> 3.7166192 | M27: =IF($B$9="","",F27*I27) -> 3.7166192 | N27: =IF($B$10="","",F27*J27) -> 3.7166192 | P27: =I27-H27 -> 0
A28: L12 | B28: =INDEX(AccuracyTable!$A$2:$A$31, MATCH($A28, AccuracyTable!$B$2:$B$31, 0)) -> 2013 | C28: 0 | D28: =B28*C28 -> 0 | E28: =D28/SUM($D$18:$D$28) -> 0 | F28: =$B$5*E28 -> 0 | G28: =IF($B$7="","",INDEX(AccuracyTable!$C$2:$AF$31, MATCH($A28, AccuracyTable!$B$2:$B$31, 0), MATCH($B$7, AccuracyTable!$C$1:$AF$1, 0))) -> 0.95 | H28: =IF($B$8="","",INDEX(AccuracyTable!$C$2:$AF$31, MATCH($A28, AccuracyTable!$B$2:$B$31, 0), MATCH($B$8, AccuracyTable!$C$1:$AF$1, 0))) -> 0.95 | I28: =IF($B$9="","",INDEX(AccuracyTable!$C$2:$AF$31, MATCH($A28, AccuracyTable!$B$2:$B$31, 0), MATCH($B$9, AccuracyTable!$C$1:$AF$1, 0))) -> 0.95 | J28: =IF($B$10="","",INDEX(AccuracyTable!$C$2:$AF$31, MATCH($A28, AccuracyTable!$B$2:$B$31, 0), MATCH($B$10, AccuracyTable!$C$1:$AF$1, 0))) -> 0.95 | K28: =IF($B$7="","",F28*G28) -> 0 | L28: =IF($B$8="","",F28*H28) -> 0 | M28: =IF($B$9="","",F28*I28) -> 0 | N28: =IF($B$10="","",F28*J28) -> 0 | P28: =I28-H28 -> 0
A29: TOTAL | D29: =SUM($D$18:$D$28) -> 49455.8 | E29: =SUM($E$18:$E$28) -> 1 | F29: =SUM($F$18:$F$28) -> 193 | K29: =SUM($K$18:$K$28) -> 116.94434 | L29: =SUM($L$18:$L$28) -> 126.18329 | M29: =SUM($M$18:$M$28) -> 134.54031 | N29: =SUM($N$18:$N$28) -> 141.2712
A31: Variance (approx) | K31: =IF($B$7="","",SUMPRODUCT($F$18:$F$28,$G$18:$G$28,(1-$G$18:$G$28))) -> 39.500521 | L31: =IF($B$8="","",SUMPRODUCT($F$18:$F$28,$H$18:$H$28,(1-$H$18:$H$28))) -> 37.920662 | M31: =IF($B$9="","",SUMPRODUCT($F$18:$F$28,$I$18:$I$28,(1-$I$18:$I$28))) -> 35.691661 | N31: =IF($B$10="","",SUMPRODUCT($F$18:$F$28,$J$18:$J$28,(1-$J$18:$J$28))) -> 33.37281
A32: Std dev (approx) | K32: =IF($B$7="","",SQRT(K31)) -> 6.284944 | L32: =IF($B$8="","",SQRT(L31)) -> 6.1579755 | M32: =IF($B$9="","",SQRT(M31)) -> 5.9742498 | N32: =IF($B$10="","",SQRT(N31)) -> 5.7769205

Sheet Quiz 11
A1: Quiz 11 – Scope, Weights, Thresholds, Pass Probabilities
A3: Controls (blue = editable) | D3: Threshold & pass probabilities
A4: Quiz level (n) | B4: 11 | D4: Pass threshold (expected correct at ability n) | E4: =M29 -> 149.62155
A5: Total questions (N) | B5: 197 | D5: Pass threshold (rounded up) | E5: =ROUNDUP($E$4,0) -> 150
A6: Note: Weight share is proportional to (items × weight).
A7: Ability n-1 | B7: =IF(OR($B$4-1<0.5,$B$4-1>15),"",$B$4-1) -> 10 | D7: P-1 (ability n-1) | E7: =IF($B$7="",-1,IF(K32=0,IF(K29>=$E$5,1,0),1-_xlfn.NORM.DIST($E$5-0.5,K29,K32,TRUE))) -> 0.013671825
A8: Ability n-0.5 | B8: =IF(OR($B$4-0.5<0.5,$B$4-0.5>15),"",$B$4-0.5) -> 10.5 | D8: P-0.5 (ability n-0.5) | E8: =IF($B$8="",-1,IF(L32=0,IF(L29>=$E$5,1,0),1-_xlfn.NORM.DIST($E$5-0.5,L29,L32,TRUE))) -> 0.13684413
A9: Ability n | B9: =$B$4 -> 11 | D9: P-0 (ability n) | E9: =IF($B$9="",-1,IF(M32=0,IF(M29>=$E$5,1,0),1-_xlfn.NORM.DIST($E$5-0.5,M29,M32,TRUE))) -> 0.50853368
A10: Ability n+0.5 | B10: =IF(OR($B$4+0.5<0.5,$B$4+0.5>15),"",$B$4+0.5) -> 11.5 | D10: P+0.5 (ability n+0.5) | E10: =IF($B$10="",-1,IF(N32=0,IF(N29>=$E$5,1,0),1-_xlfn.NORM.DIST($E$5-0.5,N29,N32,TRUE))) -> 0.85098163
E11: n-1 | F11: n-0.5 | G11: n | H11: n+0.5
D12: Mean correct | E12: =IF($B$7="","",K29) -> 136.00659 | F12: =IF($B$8="","",L29) -> 143.025 | G12: =IF($B$9="","",M29) -> 149.62155 | H12: =IF($B$10="","",N29) -> 155.16943
D13: Accuracy % | E13: =IF($B$7="","",K29/$B$5) -> 0.6903888 | F13: =IF($B$8="","",L29/$B$5) -> 0.72601521 | G13: =IF($B$9="","",M29/$B$5) -> 0.75950025 | H13: =IF($B$10="","",N29/$B$5) -> 0.78766206
D14: Std dev correct | E14: =IF($B$7="","",K32) -> 6.1150859 | F14: =IF($B$8="","",L32) -> 5.9153617 | G14: =IF($B$9="","",M32) -> 5.681925 | H14: =IF($B$10="","",N32) -> 5.4479519
A17: Set | B17: Items | C17: Weight (per item) | D17: Items×Weight | E17: Weight share | F17: Expected questions | G17: p(correct) @ n-1 | H17: p(correct) @ n-0.5 | I17: p(correct) @ n | J17: p(correct) @ n+0.5 | K17: Exp correct @ n-1 | L17: Exp correct @ n-0.5 | M17: Exp correct @ n | N17: Exp correct @ n+0.5
A18: S8 | B18: =INDEX(AccuracyTable!$A$2:$A$31, MATCH($A18, AccuracyTable!$B$2:$B$31, 0)) -> 3785 | C18: 0.7 | D18: =B18*C18 -> 2649.5 | E18: =D18/SUM($D$18:$D$28) -> 0.055392077 | F18: =$B$5*E18 -> 10.912239 | G18: =IF($B$7="","",INDEX(AccuracyTable!$C$2:$AF$31, MATCH($A18, AccuracyTable!$B$2:$B$31, 0), MATCH($B$7, AccuracyTable!$C$1:$AF$1, 0))) -> 0.9445 | H18: =IF($B$8="","",INDEX(AccuracyTable!$C$2:$AF$31, MATCH($A18, AccuracyTable!$B$2:$B$31, 0), MATCH($B$8, AccuracyTable!$C$1:$AF$1, 0))) -> 0.9489 | I18: =IF($B$9="","",INDEX(AccuracyTable!$C$2:$AF$31, MATCH($A18, AccuracyTable!$B$2:$B$31, 0), MATCH($B$9, AccuracyTable!$C$1:$AF$1, 0))) -> 0.9499 | J18: =IF($B$10="","",INDEX(AccuracyTable!$C$2:$AF$31, MATCH($A18, AccuracyTable!$B$2:$B$31, 0), MATCH($B$10, AccuracyTable!$C$1:$AF$1, 0))) -> 0.95 | K18: =IF($B$7="","",F18*G18) -> 10.30661 | L18: =IF($B$8="","",F18*H18) -> 10.354624 | M18: =IF($B$9="","",F18*I18) -> 10.365536 | N18: =IF($B$10="","",F18*J18) -> 10.366627 | P18: =I18-H18 -> 0.001
A19: S9 | B19: =INDEX(AccuracyTable!$A$2:$A$31, MATCH($A19, AccuracyTable!$B$2:$B$31, 0)) -> 4374 | C19: 1 | D19: =B19*C19 -> 4374 | E19: =D19/SUM($D$18:$D$28) -> 0.091445536 | F19: =$B$5*E19 -> 18.014771 | G19: =IF($B$7="","",INDEX(AccuracyTable!$C$2:$AF$31, MATCH($A19, AccuracyTable!$B$2:$B$31, 0), MATCH($B$7, AccuracyTable!$C$1:$AF$1, 0))) -> 0.8962 | H19: =IF($B$8="","",INDEX(AccuracyTable!$C$2:$AF$31, MATCH($A19, AccuracyTable!$B$2:$B$31, 0), MATCH($B$8, AccuracyTable!$C$1:$AF$1, 0))) -> 0.9224 | I19: =IF($B$9="","",INDEX(AccuracyTable!$C$2:$AF$31, MATCH($A19, AccuracyTable!$B$2:$B$31, 0), MATCH($B$9, AccuracyTable!$C$1:$AF$1, 0))) -> 0.9392 | J19: =IF($B$10="","",INDEX(AccuracyTable!$C$2:$AF$31, MATCH($A19, AccuracyTable!$B$2:$B$31, 0), MATCH($B$10, AccuracyTable!$C$1:$AF$1, 0))) -> 0.9466 | K19: =IF($B$7="","",F19*G19) -> 16.144837 | L19: =IF($B$8="","",F19*H19) -> 16.616824 | M19: =IF($B$9="","",F19*I19) -> 16.919472 | N19: =IF($B$10="","",F19*J19) -> 17.052782 | P19: =I19-H19 -> 0.0168
A20: S10 | B20: =INDEX(AccuracyTable!$A$2:$A$31, MATCH($A20, AccuracyTable!$B$2:$B$31, 0)) -> 4503 | C20: 1.5 | D20: =B20*C20 -> 6754.5 | E20: =D20/SUM($D$18:$D$28) -> 0.14121373 | F20: =$B$5*E20 -> 27.819106 | G20: =IF($B$7="","",INDEX(AccuracyTable!$C$2:$AF$31, MATCH($A20, AccuracyTable!$B$2:$B$31, 0), MATCH($B$7, AccuracyTable!$C$1:$AF$1, 0))) -> 0.8122 | H20: =IF($B$8="","",INDEX(AccuracyTable!$C$2:$AF$31, MATCH($A20, AccuracyTable!$B$2:$B$31, 0), MATCH($B$8, AccuracyTable!$C$1:$AF$1, 0))) -> 0.8497 | I20: =IF($B$9="","",INDEX(AccuracyTable!$C$2:$AF$31, MATCH($A20, AccuracyTable!$B$2:$B$31, 0), MATCH($B$9, AccuracyTable!$C$1:$AF$1, 0))) -> 0.8849 | J20: =IF($B$10="","",INDEX(AccuracyTable!$C$2:$AF$31, MATCH($A20, AccuracyTable!$B$2:$B$31, 0), MATCH($B$10, AccuracyTable!$C$1:$AF$1, 0))) -> 0.9119 | K20: =IF($B$7="","",F20*G20) -> 22.594677 | L20: =IF($B$8="","",F20*H20) -> 23.637894 | M20: =IF($B$9="","",F20*I20) -> 24.617126 | N20: =IF($B$10="","",F20*J20) -> 25.368242 | P20: =I20-H20 -> 0.0352
A21: S11 | B21: =INDEX(AccuracyTable!$A$2:$A$31, MATCH($A21, AccuracyTable!$B$2:$B$31, 0)) -> 4470 | C21: 1.7 | D21: =B21*C21 -> 7599 | E21: =D21/SUM($D$18:$D$28) -> 0.15886937 | F21: =$B$5*E21 -> 31.297266 | G21: =IF($B$7="","",INDEX(AccuracyTable!$C$2:$AF$31, MATCH($A21, AccuracyTable!$B$2:$B$31, 0), MATCH($B$7, AccuracyTable!$C$1:$AF$1, 0))) -> 0.725 | H21: =IF($B$8="","",INDEX(AccuracyTable!$C$2:$AF$31, MATCH($A21, AccuracyTable!$B$2:$B$31, 0), MATCH($B$8, AccuracyTable!$C$1:$AF$1, 0))) -> 0.7635 | I21: =IF($B$9="","",INDEX(AccuracyTable!$C$2:$AF$31, MATCH($A21, AccuracyTable!$B$2:$B$31, 0), MATCH($B$9, AccuracyTable!$C$1:$AF$1, 0))) -> 0.8033 | J21: =IF($B$10="","",INDEX(AccuracyTable!$C$2:$AF$31, MATCH($A21, AccuracyTable!$B$2:$B$31, 0), MATCH($B$10, AccuracyTable!$C$1:$AF$1, 0))) -> 0.8395 | K21: =IF($B$7="","",F21*G21) -> 22.690518 | L21: =IF($B$8="","",F21*H21) -> 23.895463 | M21: =IF($B$9="","",F21*I21) -> 25.141094 | N21: =IF($B$10="","",F21*J21) -> 26.274055 | P21: =I21-H21 -> 0.0398
A22: S12 | B22: =INDEX(AccuracyTable!$A$2:$A$31, MATCH($A22, AccuracyTable!$B$2:$B$31, 0)) -> 4276 | C22: 1.4 | D22: =B22*C22 -> 5986.4 | E22: =D22/SUM($D$18:$D$28) -> 0.12515536 | F22: =$B$5*E22 -> 24.655606 | G22: =IF($B$7="","",INDEX(AccuracyTable!$C$2:$AF$31, MATCH($A22, AccuracyTable!$B$2:$B$31, 0), MATCH($B$7, AccuracyTable!$C$1:$AF$1, 0))) -> 0.6548 | H22: =IF($B$8="","",INDEX(AccuracyTable!$C$2:$AF$31, MATCH($A22, AccuracyTable!$B$2:$B$31, 0), MATCH($B$8, AccuracyTable!$C$1:$AF$1, 0))) -> 0.6945 | I22: =IF($B$9="","",INDEX(AccuracyTable!$C$2:$AF$31, MATCH($A22, AccuracyTable!$B$2:$B$31, 0), MATCH($B$9, AccuracyTable!$C$1:$AF$1, 0))) -> 0.7341 | J22: =IF($B$10="","",INDEX(AccuracyTable!$C$2:$AF$31, MATCH($A22, AccuracyTable!$B$2:$B$31, 0), MATCH($B$10, AccuracyTable!$C$1:$AF$1, 0))) -> 0.7702 | K22: =IF($B$7="","",F22*G22) -> 16.144491 | L22: =IF($B$8="","",F22*H22) -> 17.123319 | M22: =IF($B$9="","",F22*I22) -> 18.099681 | N22: =IF($B$10="","",F22*J22) -> 18.989748 | P22: =I22-H22 -> 0.0396
A23: S13 | B23: =INDEX(AccuracyTable!$A$2:$A$31, MATCH($A23, AccuracyTable!$B$2:$B$31, 0)) -> 4380 | C23: 1.3 | D23: =B23*C23 -> 5694 | E23: =D23/SUM($D$18:$D$28) -> 0.11904227 | F23: =$B$5*E23 -> 23.451327 | G23: =IF($B$7="","",INDEX(AccuracyTable!$C$2:$AF$31, MATCH($A23, AccuracyTable!$B$2:$B$31, 0), MATCH($B$7, AccuracyTable!$C$1:$AF$1, 0))) -> 0.5982 | H23: =IF($B$8="","",INDEX(AccuracyTable!$C$2:$AF$31, MATCH($A23, AccuracyTable!$B$2:$B$31, 0), MATCH($B$8, AccuracyTable!$C$1:$AF$1, 0))) -> 0.6391 | I23: =IF($B$9="","",INDEX(AccuracyTable!$C$2:$AF$31, MATCH($A23, AccuracyTable!$B$2:$B$31, 0), MATCH($B$9, AccuracyTable!$C$1:$AF$1, 0))) -> 0.6787 | J23: =IF($B$10="","",INDEX(AccuracyTable!$C$2:$AF$31, MATCH($A23, AccuracyTable!$B$2:$B$31, 0), MATCH($B$10, AccuracyTable!$C$1:$AF$1, 0))) -> 0.7138 | K23: =IF($B$7="","",F23*G23) -> 14.028584 | L23: =IF($B$8="","",F23*H23) -> 14.987743 | M23: =IF($B$9="","",F23*I23) -> 15.916415 | N23: =IF($B$10="","",F23*J23) -> 16.739557 | P23: =I23-H23 -> 0.0396
A24: S14 | B24: =INDEX(AccuracyTable!$A$2:$A$31, MATCH($A24, AccuracyTable!$B$2:$B$31, 0)) -> 4674 | C24: 1.4 | D24: =B24*C24 -> 6543.6 | E24: =D24/SUM($D$18:$D$28) -> 0.13680453 | F24: =$B$5*E24 -> 26.950492 | G24: =IF($B$7="","",INDEX(AccuracyTable!$C$2:$AF$31, MATCH($A24, AccuracyTable!$B$2:$B$31, 0), MATCH($B$7, AccuracyTable!$C$1:$AF$1, 0))) -> 0.5578 | H24: =IF($B$8="","",INDEX(AccuracyTable!$C$2:$AF$31, MATCH($A24, AccuracyTable!$B$2:$B$31, 0), MATCH($B$8, AccuracyTable!$C$1:$AF$1, 0))) -> 0.6034 | I24: =IF($B$9="","",INDEX(AccuracyTable!$C$2:$AF$31, MATCH($A24, AccuracyTable!$B$2:$B$31, 0), MATCH($B$9, AccuracyTable!$C$1:$AF$1, 0))) -> 0.6458 | J24: =IF($B$10="","",INDEX(AccuracyTable!$C$2:$AF$31, MATCH($A24, AccuracyTable!$B$2:$B$31, 0), MATCH($B$10, AccuracyTable!$C$1:$AF$1, 0))) -> 0.6814 | K24: =IF($B$7="","",F24*G24) -> 15.032984 | L24: =IF($B$8="","",F24*H24) -> 16.261927 | M24: =IF($B$9="","",F24*I24) -> 17.404628 | N24: =IF($B$10="","",F24*J24) -> 18.364065 | P24: =I24-H24 -> 0.0424
A25: S15 | B25: =INDEX(AccuracyTable!$A$2:$A$31, MATCH($A25, AccuracyTable!$B$2:$B$31, 0)) -> 5269 | C25: 1.2 | D25: =B25*C25 -> 6322.8 | E25: =D25/SUM($D$18:$D$28) -> 0.13218835 | F25: =$B$5*E25 -> 26.041104 | G25: =IF($B$7="","",INDEX(AccuracyTable!$C$2:$AF$31, MATCH($A25, AccuracyTable!$B$2:$B$31, 0), MATCH($B$7, AccuracyTable!$C$1:$AF$1, 0))) -> 0.4454 | H25: =IF($B$8="","",INDEX(AccuracyTable!$C$2:$AF$31, MATCH($A25, AccuracyTable!$B$2:$B$31, 0), MATCH($B$8, AccuracyTable!$C$1:$AF$1, 0))) -> 0.487 | I25: =IF($B$9="","",INDEX(AccuracyTable!$C$2:$AF$31, MATCH($A25, AccuracyTable!$B$2:$B$31, 0), MATCH($B$9, AccuracyTable!$C$1:$AF$1, 0))) -> 0.5258 | J25: =IF($B$10="","",INDEX(AccuracyTable!$C$2:$AF$31, MATCH($A25, AccuracyTable!$B$2:$B$31, 0), MATCH($B$10, AccuracyTable!$C$1:$AF$1, 0))) -> 0.5587 | K25: =IF($B$7="","",F25*G25) -> 11.598708 | L25: =IF($B$8="","",F25*H25) -> 12.682018 | M25: =IF($B$9="","",F25*I25) -> 13.692413 | N25: =IF($B$10="","",F25*J25) -> 14.549165 | P25: =I25-H25 -> 0.0388
A26: L11 | B26: =INDEX(AccuracyTable!$A$2:$A$31, MATCH($A26, AccuracyTable!$B$2:$B$31, 0)) -> 2005 | C26: 0.55 | D26: =B26*C26 -> 1102.75 | E26: =D26/SUM($D$18:$D$28) -> 0.02305477 | F26: =$B$5*E26 -> 4.5417897 | G26: =IF($B$7="","",INDEX(AccuracyTable!$C$2:$AF$31, MATCH($A26, AccuracyTable!$B$2:$B$31, 0), MATCH($B$7, AccuracyTable!$C$1:$AF$1, 0))) -> 0.95 | H26: =IF($B$8="","",INDEX(AccuracyTable!$C$2:$AF$31, MATCH($A26, AccuracyTable!$B$2:$B$31, 0), MATCH($B$8, AccuracyTable!$C$1:$AF$1, 0))) -> 0.95 | I26: =IF($B$9="","",INDEX(AccuracyTable!$C$2:$AF$31, MATCH($A26, AccuracyTable!$B$2:$B$31, 0), MATCH($B$9, AccuracyTable!$C$1:$AF$1, 0))) -> 0.95 | J26: =IF($B$10="","",INDEX(AccuracyTable!$C$2:$AF$31, MATCH($A26, AccuracyTable!$B$2:$B$31, 0), MATCH($B$10, AccuracyTable!$C$1:$AF$1, 0))) -> 0.95 | K26: =IF($B$7="","",F26*G26) -> 4.3147002 | L26: =IF($B$8="","",F26*H26) -> 4.3147002 | M26: =IF($B$9="","",F26*I26) -> 4.3147002 | N26: =IF($B$10="","",F26*J26) -> 4.3147002 | P26: =I26-H26 -> 0
A27: L12 | B27: =INDEX(AccuracyTable!$A$2:$A$31, MATCH($A27, AccuracyTable!$B$2:$B$31, 0)) -> 2013 | C27: 0.4 | D27: =B27*C27 -> 805.2 | E27: =D27/SUM($D$18:$D$28) -> 0.016834007 | F27: =$B$5*E27 -> 3.3162993 | G27: =IF($B$7="","",INDEX(AccuracyTable!$C$2:$AF$31, MATCH($A27, AccuracyTable!$B$2:$B$31, 0), MATCH($B$7, AccuracyTable!$C$1:$AF$1, 0))) -> 0.95 | H27: =IF($B$8="","",INDEX(AccuracyTable!$C$2:$AF$31, MATCH($A27, AccuracyTable!$B$2:$B$31, 0), MATCH($B$8, AccuracyTable!$C$1:$AF$1, 0))) -> 0.95 | I27: =IF($B$9="","",INDEX(AccuracyTable!$C$2:$AF$31, MATCH($A27, AccuracyTable!$B$2:$B$31, 0), MATCH($B$9, AccuracyTable!$C$1:$AF$1, 0))) -> 0.95 | J27: =IF($B$10="","",INDEX(AccuracyTable!$C$2:$AF$31, MATCH($A27, AccuracyTable!$B$2:$B$31, 0), MATCH($B$10, AccuracyTable!$C$1:$AF$1, 0))) -> 0.95 | K27: =IF($B$7="","",F27*G27) -> 3.1504844 | L27: =IF($B$8="","",F27*H27) -> 3.1504844 | M27: =IF($B$9="","",F27*I27) -> 3.1504844 | N27: =IF($B$10="","",F27*J27) -> 3.1504844 | P27: =I27-H27 -> 0
A28: L13 | B28: =INDEX(AccuracyTable!$A$2:$A$31, MATCH($A28, AccuracyTable!$B$2:$B$31, 0)) -> 2072 | C28: 0 | D28: =B28*C28 -> 0 | E28: =D28/SUM($D$18:$D$28) -> 0 | F28: =$B$5*E28 -> 0 | G28: =IF($B$7="","",INDEX(AccuracyTable!$C$2:$AF$31, MATCH($A28, AccuracyTable!$B$2:$B$31, 0), MATCH($B$7, AccuracyTable!$C$1:$AF$1, 0))) -> 0.95 | H28: =IF($B$8="","",INDEX(AccuracyTable!$C$2:$AF$31, MATCH($A28, AccuracyTable!$B$2:$B$31, 0), MATCH($B$8, AccuracyTable!$C$1:$AF$1, 0))) -> 0.95 | I28: =IF($B$9="","",INDEX(AccuracyTable!$C$2:$AF$31, MATCH($A28, AccuracyTable!$B$2:$B$31, 0), MATCH($B$9, AccuracyTable!$C$1:$AF$1, 0))) -> 0.95 | J28: =IF($B$10="","",INDEX(AccuracyTable!$C$2:$AF$31, MATCH($A28, AccuracyTable!$B$2:$B$31, 0), MATCH($B$10, AccuracyTable!$C$1:$AF$1, 0))) -> 0.95 | K28: =IF($B$7="","",F28*G28) -> 0 | L28: =IF($B$8="","",F28*H28) -> 0 | M28: =IF($B$9="","",F28*I28) -> 0 | N28: =IF($B$10="","",F28*J28) -> 0 | P28: =I28-H28 -> 0
A29: TOTAL | D29: =SUM($D$18:$D$28) -> 47831.75 | E29: =SUM($E$18:$E$28) -> 1 | F29: =SUM($F$18:$F$28) -> 197 | K29: =SUM($K$18:$K$28) -> 136.00659 | L29: =SUM($L$18:$L$28) -> 143.025 | M29: =SUM($M$18:$M$28) -> 149.62155 | N29: =SUM($N$18:$N$28) -> 155.16943
A31: Variance (approx) | K31: =IF($B$7="","",SUMPRODUCT($F$18:$F$28,$G$18:$G$28,(1-$G$18:$G$28))) -> 37.394275 | L31: =IF($B$8="","",SUMPRODUCT($F$18:$F$28,$H$18:$H$28,(1-$H$18:$H$28))) -> 34.991504 | M31: =IF($B$9="","",SUMPRODUCT($F$18:$F$28,$I$18:$I$28,(1-$I$18:$I$28))) -> 32.284272 | N31: =IF($B$10="","",SUMPRODUCT($F$18:$F$28,$J$18:$J$28,(1-$J$18:$J$28))) -> 29.68018
A32: Std dev (approx) | K32: =IF($B$7="","",SQRT(K31)) -> 6.1150859 | L32: =IF($B$8="","",SQRT(L31)) -> 5.9153617 | M32: =IF($B$9="","",SQRT(M31)) -> 5.681925 | N32: =IF($B$10="","",SQRT(N31)) -> 5.4479519

Sheet Quiz 12
A1: Quiz 12 – Scope, Weights, Thresholds, Pass Probabilities
A3: Controls (blue = editable) | D3: Threshold & pass probabilities
A4: Quiz level (n) | B4: 12 | D4: Pass threshold (expected correct at ability n) | E4: =M29 -> 179.23129
A5: Total questions (N) | B5: 222 | D5: Pass threshold (rounded up) | E5: =ROUNDUP($E$4,0) -> 180
A6: Note: Weight share is proportional to (items × weight).
A7: Ability n-1 | B7: =IF(OR($B$4-1<0.5,$B$4-1>15),"",$B$4-1) -> 11 | D7: P-1 (ability n-1) | E7: =IF($B$7="",-1,IF(K32=0,IF(K29>=$E$5,1,0),1-_xlfn.NORM.DIST($E$5-0.5,K29,K32,TRUE))) -> 0.019050987
A8: Ability n-0.5 | B8: =IF(OR($B$4-0.5<0.5,$B$4-0.5>15),"",$B$4-0.5) -> 11.5 | D8: P-0.5 (ability n-0.5) | E8: =IF($B$8="",-1,IF(L32=0,IF(L29>=$E$5,1,0),1-_xlfn.NORM.DIST($E$5-0.5,L29,L32,TRUE))) -> 0.14072905
A9: Ability n | B9: =$B$4 -> 12 | D9: P-0 (ability n) | E9: =IF($B$9="",-1,IF(M32=0,IF(M29>=$E$5,1,0),1-_xlfn.NORM.DIST($E$5-0.5,M29,M32,TRUE))) -> 0.48088306
A10: Ability n+0.5 | B10: =IF(OR($B$4+0.5<0.5,$B$4+0.5>15),"",$B$4+0.5) -> 12.5 | D10: P+0.5 (ability n+0.5) | E10: =IF($B$10="",-1,IF(N32=0,IF(N29>=$E$5,1,0),1-_xlfn.NORM.DIST($E$5-0.5,N29,N32,TRUE))) -> 0.83070732
E11: n-1 | F11: n-0.5 | G11: n | H11: n+0.5
D12: Mean correct | E12: =IF($B$7="","",K29) -> 166.81836 | F12: =IF($B$8="","",L29) -> 173.17431 | G12: =IF($B$9="","",M29) -> 179.23129 | H12: =IF($B$10="","",N29) -> 184.60481
D13: Accuracy % | E13: =IF($B$7="","",K29/$B$5) -> 0.75143408 | F13: =IF($B$8="","",L29/$B$5) -> 0.78006444 | G13: =IF($B$9="","",M29/$B$5) -> 0.80734815 | H13: =IF($B$10="","",N29/$B$5) -> 0.83155318
D14: Std dev correct | E14: =IF($B$7="","",K32) -> 6.1152976 | F14: =IF($B$8="","",L32) -> 5.8731696 | G14: =IF($B$9="","",M32) -> 5.6054629 | H14: =IF($B$10="","",N32) -> 5.3343755
A17: Set | B17: Items | C17: Weight (per item) | D17: Items×Weight | E17: Weight share | F17: Expected questions | G17: p(correct) @ n-1 | H17: p(correct) @ n-0.5 | I17: p(correct) @ n | J17: p(correct) @ n+0.5 | K17: Exp correct @ n-1 | L17: Exp correct @ n-0.5 | M17: Exp correct @ n | N17: Exp correct @ n+0.5
A18: S8 | B18: =INDEX(AccuracyTable!$A$2:$A$31, MATCH($A18, AccuracyTable!$B$2:$B$31, 0)) -> 3785 | C18: 0.6 | D18: =B18*C18 -> 2271 | E18: =D18/SUM($D$18:$D$28) -> 0.04812032 | F18: =$B$5*E18 -> 10.682711 | G18: =IF($B$7="","",INDEX(AccuracyTable!$C$2:$AF$31, MATCH($A18, AccuracyTable!$B$2:$B$31, 0), MATCH($B$7, AccuracyTable!$C$1:$AF$1, 0))) -> 0.9499 | H18: =IF($B$8="","",INDEX(AccuracyTable!$C$2:$AF$31, MATCH($A18, AccuracyTable!$B$2:$B$31, 0), MATCH($B$8, AccuracyTable!$C$1:$AF$1, 0))) -> 0.95 | I18: =IF($B$9="","",INDEX(AccuracyTable!$C$2:$AF$31, MATCH($A18, AccuracyTable!$B$2:$B$31, 0), MATCH($B$9, AccuracyTable!$C$1:$AF$1, 0))) -> 0.95 | J18: =IF($B$10="","",INDEX(AccuracyTable!$C$2:$AF$31, MATCH($A18, AccuracyTable!$B$2:$B$31, 0), MATCH($B$10, AccuracyTable!$C$1:$AF$1, 0))) -> 0.95 | K18: =IF($B$7="","",F18*G18) -> 10.147507 | L18: =IF($B$8="","",F18*H18) -> 10.148575 | M18: =IF($B$9="","",F18*I18) -> 10.148575 | N18: =IF($B$10="","",F18*J18) -> 10.148575 | P18: =I18-H18 -> 0
A19: S9 | B19: =INDEX(AccuracyTable!$A$2:$A$31, MATCH($A19, AccuracyTable!$B$2:$B$31, 0)) -> 4374 | C19: 1 | D19: =B19*C19 -> 4374 | E19: =D19/SUM($D$18:$D$28) -> 0.09268088 | F19: =$B$5*E19 -> 20.575155 | G19: =IF($B$7="","",INDEX(AccuracyTable!$C$2:$AF$31, MATCH($A19, AccuracyTable!$B$2:$B$31, 0), MATCH($B$7, AccuracyTable!$C$1:$AF$1, 0))) -> 0.9392 | H19: =IF($B$8="","",INDEX(AccuracyTable!$C$2:$AF$31, MATCH($A19, AccuracyTable!$B$2:$B$31, 0), MATCH($B$8, AccuracyTable!$C$1:$AF$1, 0))) -> 0.9466 | I19: =IF($B$9="","",INDEX(AccuracyTable!$C$2:$AF$31, MATCH($A19, AccuracyTable!$B$2:$B$31, 0), MATCH($B$9, AccuracyTable!$C$1:$AF$1, 0))) -> 0.9493 | J19: =IF($B$10="","",INDEX(AccuracyTable!$C$2:$AF$31, MATCH($A19, AccuracyTable!$B$2:$B$31, 0), MATCH($B$10, AccuracyTable!$C$1:$AF$1, 0))) -> 0.9499 | K19: =IF($B$7="","",F19*G19) -> 19.324186 | L19: =IF($B$8="","",F19*H19) -> 19.476442 | M19: =IF($B$9="","",F19*I19) -> 19.531995 | N19: =IF($B$10="","",F19*J19) -> 19.54434 | P19: =I19-H19 -> 0.0027
A20: S10 | B20: =INDEX(AccuracyTable!$A$2:$A$31, MATCH($A20, AccuracyTable!$B$2:$B$31, 0)) -> 4503 | C20: 1.3 | D20: =B20*C20 -> 5853.9 | E20: =D20/SUM($D$18:$D$28) -> 0.12403855 | F20: =$B$5*E20 -> 27.536557 | G20: =IF($B$7="","",INDEX(AccuracyTable!$C$2:$AF$31, MATCH($A20, AccuracyTable!$B$2:$B$31, 0), MATCH($B$7, AccuracyTable!$C$1:$AF$1, 0))) -> 0.8849 | H20: =IF($B$8="","",INDEX(AccuracyTable!$C$2:$AF$31, MATCH($A20, AccuracyTable!$B$2:$B$31, 0), MATCH($B$8, AccuracyTable!$C$1:$AF$1, 0))) -> 0.9119 | I20: =IF($B$9="","",INDEX(AccuracyTable!$C$2:$AF$31, MATCH($A20, AccuracyTable!$B$2:$B$31, 0), MATCH($B$9, AccuracyTable!$C$1:$AF$1, 0))) -> 0.9318 | J20: =IF($B$10="","",INDEX(AccuracyTable!$C$2:$AF$31, MATCH($A20, AccuracyTable!$B$2:$B$31, 0), MATCH($B$10, AccuracyTable!$C$1:$AF$1, 0))) -> 0.943 | K20: =IF($B$7="","",F20*G20) -> 24.3671 | L20: =IF($B$8="","",F20*H20) -> 25.110587 | M20: =IF($B$9="","",F20*I20) -> 25.658564 | N20: =IF($B$10="","",F20*J20) -> 25.966974 | P20: =I20-H20 -> 0.0199
A21: S11 | B21: =INDEX(AccuracyTable!$A$2:$A$31, MATCH($A21, AccuracyTable!$B$2:$B$31, 0)) -> 4470 | C21: 1.4 | D21: =B21*C21 -> 6258 | E21: =D21/SUM($D$18:$D$28) -> 0.13260104 | F21: =$B$5*E21 -> 29.437431 | G21: =IF($B$7="","",INDEX(AccuracyTable!$C$2:$AF$31, MATCH($A21, AccuracyTable!$B$2:$B$31, 0), MATCH($B$7, AccuracyTable!$C$1:$AF$1, 0))) -> 0.8033 | H21: =IF($B$8="","",INDEX(AccuracyTable!$C$2:$AF$31, MATCH($A21, AccuracyTable!$B$2:$B$31, 0), MATCH($B$8, AccuracyTable!$C$1:$AF$1, 0))) -> 0.8395 | I21: =IF($B$9="","",INDEX(AccuracyTable!$C$2:$AF$31, MATCH($A21, AccuracyTable!$B$2:$B$31, 0), MATCH($B$9, AccuracyTable!$C$1:$AF$1, 0))) -> 0.8747 | J21: =IF($B$10="","",INDEX(AccuracyTable!$C$2:$AF$31, MATCH($A21, AccuracyTable!$B$2:$B$31, 0), MATCH($B$10, AccuracyTable!$C$1:$AF$1, 0))) -> 0.9039 | K21: =IF($B$7="","",F21*G21) -> 23.647088 | L21: =IF($B$8="","",F21*H21) -> 24.712723 | M21: =IF($B$9="","",F21*I21) -> 25.748921 | N21: =IF($B$10="","",F21*J21) -> 26.608494 | P21: =I21-H21 -> 0.0352
A22: S12 | B22: =INDEX(AccuracyTable!$A$2:$A$31, MATCH($A22, AccuracyTable!$B$2:$B$31, 0)) -> 4276 | C22: 1.7 | D22: =B22*C22 -> 7269.2 | E22: =D22/SUM($D$18:$D$28) -> 0.1540274 | F22: =$B$5*E22 -> 34.194083 | G22: =IF($B$7="","",INDEX(AccuracyTable!$C$2:$AF$31, MATCH($A22, AccuracyTable!$B$2:$B$31, 0), MATCH($B$7, AccuracyTable!$C$1:$AF$1, 0))) -> 0.7341 | H22: =IF($B$8="","",INDEX(AccuracyTable!$C$2:$AF$31, MATCH($A22, AccuracyTable!$B$2:$B$31, 0), MATCH($B$8, AccuracyTable!$C$1:$AF$1, 0))) -> 0.7702 | I22: =IF($B$9="","",INDEX(AccuracyTable!$C$2:$AF$31, MATCH($A22, AccuracyTable!$B$2:$B$31, 0), MATCH($B$9, AccuracyTable!$C$1:$AF$1, 0))) -> 0.8077 | J22: =IF($B$10="","",INDEX(AccuracyTable!$C$2:$AF$31, MATCH($A22, AccuracyTable!$B$2:$B$31, 0), MATCH($B$10, AccuracyTable!$C$1:$AF$1, 0))) -> 0.8432 | K22: =IF($B$7="","",F22*G22) -> 25.101876 | L22: =IF($B$8="","",F22*H22) -> 26.336283 | M22: =IF($B$9="","",F22*I22) -> 27.618561 | N22: =IF($B$10="","",F22*J22) -> 28.832451 | P22: =I22-H22 -> 0.0375
A23: S13 | B23: =INDEX(AccuracyTable!$A$2:$A$31, MATCH($A23, AccuracyTable!$B$2:$B$31, 0)) -> 4380 | C23: 1.5 | D23: =B23*C23 -> 6570 | E23: =D23/SUM($D$18:$D$28) -> 0.13921202 | F23: =$B$5*E23 -> 30.905069 | G23: =IF($B$7="","",INDEX(AccuracyTable!$C$2:$AF$31, MATCH($A23, AccuracyTable!$B$2:$B$31, 0), MATCH($B$7, AccuracyTable!$C$1:$AF$1, 0))) -> 0.6787 | H23: =IF($B$8="","",INDEX(AccuracyTable!$C$2:$AF$31, MATCH($A23, AccuracyTable!$B$2:$B$31, 0), MATCH($B$8, AccuracyTable!$C$1:$AF$1, 0))) -> 0.7138 | I23: =IF($B$9="","",INDEX(AccuracyTable!$C$2:$AF$31, MATCH($A23, AccuracyTable!$B$2:$B$31, 0), MATCH($B$9, AccuracyTable!$C$1:$AF$1, 0))) -> 0.7497 | J23: =IF($B$10="","",INDEX(AccuracyTable!$C$2:$AF$31, MATCH($A23, AccuracyTable!$B$2:$B$31, 0), MATCH($B$10, AccuracyTable!$C$1:$AF$1, 0))) -> 0.7844 | K23: =IF($B$7="","",F23*G23) -> 20.97527 | L23: =IF($B$8="","",F23*H23) -> 22.060038 | M23: =IF($B$9="","",F23*I23) -> 23.16953 | N23: =IF($B$10="","",F23*J23) -> 24.241936 | P23: =I23-H23 -> 0.0359
A24: S14 | B24: =INDEX(AccuracyTable!$A$2:$A$31, MATCH($A24, AccuracyTable!$B$2:$B$31, 0)) -> 4674 | C24: 1.4 | D24: =B24*C24 -> 6543.6 | E24: =D24/SUM($D$18:$D$28) -> 0.13865263 | F24: =$B$5*E24 -> 30.780884 | G24: =IF($B$7="","",INDEX(AccuracyTable!$C$2:$AF$31, MATCH($A24, AccuracyTable!$B$2:$B$31, 0), MATCH($B$7, AccuracyTable!$C$1:$AF$1, 0))) -> 0.6458 | H24: =IF($B$8="","",INDEX(AccuracyTable!$C$2:$AF$31, MATCH($A24, AccuracyTable!$B$2:$B$31, 0), MATCH($B$8, AccuracyTable!$C$1:$AF$1, 0))) -> 0.6814 | I24: =IF($B$9="","",INDEX(AccuracyTable!$C$2:$AF$31, MATCH($A24, AccuracyTable!$B$2:$B$31, 0), MATCH($B$9, AccuracyTable!$C$1:$AF$1, 0))) -> 0.7158 | J24: =IF($B$10="","",INDEX(AccuracyTable!$C$2:$AF$31, MATCH($A24, AccuracyTable!$B$2:$B$31, 0), MATCH($B$10, AccuracyTable!$C$1:$AF$1, 0))) -> 0.7477 | K24: =IF($B$7="","",F24*G24) -> 19.878295 | L24: =IF($B$8="","",F24*H24) -> 20.974094 | M24: =IF($B$9="","",F24*I24) -> 22.032957 | N24: =IF($B$10="","",F24*J24) -> 23.014867 | P24: =I24-H24 -> 0.0344
A25: S15 | B25: =INDEX(AccuracyTable!$A$2:$A$31, MATCH($A25, AccuracyTable!$B$2:$B$31, 0)) -> 5269 | C25: 1.2 | D25: =B25*C25 -> 6322.8 | E25: =D25/SUM($D$18:$D$28) -> 0.13397409 | F25: =$B$5*E25 -> 29.742248 | G25: =IF($B$7="","",INDEX(AccuracyTable!$C$2:$AF$31, MATCH($A25, AccuracyTable!$B$2:$B$31, 0), MATCH($B$7, AccuracyTable!$C$1:$AF$1, 0))) -> 0.5258 | H25: =IF($B$8="","",INDEX(AccuracyTable!$C$2:$AF$31, MATCH($A25, AccuracyTable!$B$2:$B$31, 0), MATCH($B$8, AccuracyTable!$C$1:$AF$1, 0))) -> 0.5587 | I25: =IF($B$9="","",INDEX(AccuracyTable!$C$2:$AF$31, MATCH($A25, AccuracyTable!$B$2:$B$31, 0), MATCH($B$9, AccuracyTable!$C$1:$AF$1, 0))) -> 0.5912 | J25: =IF($B$10="","",INDEX(AccuracyTable!$C$2:$AF$31, MATCH($A25, AccuracyTable!$B$2:$B$31, 0), MATCH($B$10, AccuracyTable!$C$1:$AF$1, 0))) -> 0.6223 | K25: =IF($B$7="","",F25*G25) -> 15.638474 | L25: =IF($B$8="","",F25*H25) -> 16.616994 | M25: =IF($B$9="","",F25*I25) -> 17.583617 | N25: =IF($B$10="","",F25*J25) -> 18.508601 | P25: =I25-H25 -> 0.0325
A26: L12 | B26: =INDEX(AccuracyTable!$A$2:$A$31, MATCH($A26, AccuracyTable!$B$2:$B$31, 0)) -> 2013 | C26: 0.5 | D26: =B26*C26 -> 1006.5 | E26: =D26/SUM($D$18:$D$28) -> 0.021326773 | F26: =$B$5*E26 -> 4.7345437 | G26: =IF($B$7="","",INDEX(AccuracyTable!$C$2:$AF$31, MATCH($A26, AccuracyTable!$B$2:$B$31, 0), MATCH($B$7, AccuracyTable!$C$1:$AF$1, 0))) -> 0.95 | H26: =IF($B$8="","",INDEX(AccuracyTable!$C$2:$AF$31, MATCH($A26, AccuracyTable!$B$2:$B$31, 0), MATCH($B$8, AccuracyTable!$C$1:$AF$1, 0))) -> 0.95 | I26: =IF($B$9="","",INDEX(AccuracyTable!$C$2:$AF$31, MATCH($A26, AccuracyTable!$B$2:$B$31, 0), MATCH($B$9, AccuracyTable!$C$1:$AF$1, 0))) -> 0.95 | J26: =IF($B$10="","",INDEX(AccuracyTable!$C$2:$AF$31, MATCH($A26, AccuracyTable!$B$2:$B$31, 0), MATCH($B$10, AccuracyTable!$C$1:$AF$1, 0))) -> 0.95 | K26: =IF($B$7="","",F26*G26) -> 4.4978165 | L26: =IF($B$8="","",F26*H26) -> 4.4978165 | M26: =IF($B$9="","",F26*I26) -> 4.4978165 | N26: =IF($B$10="","",F26*J26) -> 4.4978165 | P26: =I26-H26 -> 0
A27: L13 | B27: =INDEX(AccuracyTable!$A$2:$A$31, MATCH($A27, AccuracyTable!$B$2:$B$31, 0)) -> 2072 | C27: 0.35 | D27: =B27*C27 -> 725.2 | E27: =D27/SUM($D$18:$D$28) -> 0.015366295 | F27: =$B$5*E27 -> 3.4113175 | G27: =IF($B$7="","",INDEX(AccuracyTable!$C$2:$AF$31, MATCH($A27, AccuracyTable!$B$2:$B$31, 0), MATCH($B$7, AccuracyTable!$C$1:$AF$1, 0))) -> 0.95 | H27: =IF($B$8="","",INDEX(AccuracyTable!$C$2:$AF$31, MATCH($A27, AccuracyTable!$B$2:$B$31, 0), MATCH($B$8, AccuracyTable!$C$1:$AF$1, 0))) -> 0.95 | I27: =IF($B$9="","",INDEX(AccuracyTable!$C$2:$AF$31, MATCH($A27, AccuracyTable!$B$2:$B$31, 0), MATCH($B$9, AccuracyTable!$C$1:$AF$1, 0))) -> 0.95 | J27: =IF($B$10="","",INDEX(AccuracyTable!$C$2:$AF$31, MATCH($A27, AccuracyTable!$B$2:$B$31, 0), MATCH($B$10, AccuracyTable!$C$1:$AF$1, 0))) -> 0.95 | K27: =IF($B$7="","",F27*G27) -> 3.2407516 | L27: =IF($B$8="","",F27*H27) -> 3.2407516 | M27: =IF($B$9="","",F27*I27) -> 3.2407516 | N27: =IF($B$10="","",F27*J27) -> 3.2407516 | P27: =I27-H27 -> 0
A28: L14 | B28: =INDEX(AccuracyTable!$A$2:$A$31, MATCH($A28, AccuracyTable!$B$2:$B$31, 0)) -> 2433 | C28: 0 | D28: =B28*C28 -> 0 | E28: =D28/SUM($D$18:$D$28) -> 0 | F28: =$B$5*E28 -> 0 | G28: =IF($B$7="","",INDEX(AccuracyTable!$C$2:$AF$31, MATCH($A28, AccuracyTable!$B$2:$B$31, 0), MATCH($B$7, AccuracyTable!$C$1:$AF$1, 0))) -> 0.95 | H28: =IF($B$8="","",INDEX(AccuracyTable!$C$2:$AF$31, MATCH($A28, AccuracyTable!$B$2:$B$31, 0), MATCH($B$8, AccuracyTable!$C$1:$AF$1, 0))) -> 0.95 | I28: =IF($B$9="","",INDEX(AccuracyTable!$C$2:$AF$31, MATCH($A28, AccuracyTable!$B$2:$B$31, 0), MATCH($B$9, AccuracyTable!$C$1:$AF$1, 0))) -> 0.95 | J28: =IF($B$10="","",INDEX(AccuracyTable!$C$2:$AF$31, MATCH($A28, AccuracyTable!$B$2:$B$31, 0), MATCH($B$10, AccuracyTable!$C$1:$AF$1, 0))) -> 0.95 | K28: =IF($B$7="","",F28*G28) -> 0 | L28: =IF($B$8="","",F28*H28) -> 0 | M28: =IF($B$9="","",F28*I28) -> 0 | N28: =IF($B$10="","",F28*J28) -> 0 | P28: =I28-H28 -> 0
A29: TOTAL | D29: =SUM($D$18:$D$28) -> 47194.2 | E29: =SUM($E$18:$E$28) -> 1 | F29: =SUM($F$18:$F$28) -> 222 | K29: =SUM($K$18:$K$28) -> 166.81836 | L29: =SUM($L$18:$L$28) -> 173.17431 | M29: =SUM($M$18:$M$28) -> 179.23129 | N29: =SUM($N$18:$N$28) -> 184.60481
A31: Variance (approx) | K31: =IF($B$7="","",SUMPRODUCT($F$18:$F$28,$G$18:$G$28,(1-$G$18:$G$28))) -> 37.396864 | L31: =IF($B$8="","",SUMPRODUCT($F$18:$F$28,$H$18:$H$28,(1-$H$18:$H$28))) -> 34.494121 | M31: =IF($B$9="","",SUMPRODUCT($F$18:$F$28,$I$18:$I$28,(1-$I$18:$I$28))) -> 31.421215 | N31: =IF($B$10="","",SUMPRODUCT($F$18:$F$28,$J$18:$J$28,(1-$J$18:$J$28))) -> 28.455562
A32: Std dev (approx) | K32: =IF($B$7="","",SQRT(K31)) -> 6.1152976 | L32: =IF($B$8="","",SQRT(L31)) -> 5.8731696 | M32: =IF($B$9="","",SQRT(M31)) -> 5.6054629 | N32: =IF($B$10="","",SQRT(N31)) -> 5.3343755

Sheet Quiz 13
A1: Quiz 13 – Scope, Weights, Thresholds, Pass Probabilities
A3: Controls (blue = editable) | D3: Threshold & pass probabilities
A4: Quiz level (n) | B4: 13 | D4: Pass threshold (expected correct at ability n) | E4: =M29 -> 199.59942
A5: Total questions (N) | B5: 239 | D5: Pass threshold (rounded up) | E5: =ROUNDUP($E$4,0) -> 200
A6: Note: Weight share is proportional to (items × weight).
A7: Ability n-1 | B7: =IF(OR($B$4-1<0.5,$B$4-1>15),"",$B$4-1) -> 12 | D7: P-1 (ability n-1) | E7: =IF($B$7="",-1,IF(K32=0,IF(K29>=$E$5,1,0),1-_xlfn.NORM.DIST($E$5-0.5,K29,K32,TRUE))) -> 0.021699908
A8: Ability n-0.5 | B8: =IF(OR($B$4-0.5<0.5,$B$4-0.5>15),"",$B$4-0.5) -> 12.5 | D8: P-0.5 (ability n-0.5) | E8: =IF($B$8="",-1,IF(L32=0,IF(L29>=$E$5,1,0),1-_xlfn.NORM.DIST($E$5-0.5,L29,L32,TRUE))) -> 0.15039044
A9: Ability n | B9: =$B$4 -> 13 | D9: P-0 (ability n) | E9: =IF($B$9="",-1,IF(M32=0,IF(M29>=$E$5,1,0),1-_xlfn.NORM.DIST($E$5-0.5,M29,M32,TRUE))) -> 0.50717772
A10: Ability n+0.5 | B10: =IF(OR($B$4+0.5<0.5,$B$4+0.5>15),"",$B$4+0.5) -> 13.5 | D10: P+0.5 (ability n+0.5) | E10: =IF($B$10="",-1,IF(N32=0,IF(N29>=$E$5,1,0),1-_xlfn.NORM.DIST($E$5-0.5,N29,N32,TRUE))) -> 0.87368054
E11: n-1 | F11: n-0.5 | G11: n | H11: n+0.5
D12: Mean correct | E12: =IF($B$7="","",K29) -> 187.16361 | F12: =IF($B$8="","",L29) -> 193.4649 | G12: =IF($B$9="","",M29) -> 199.59942 | H12: =IF($B$10="","",N29) -> 205.44091
D13: Accuracy % | E13: =IF($B$7="","",K29/$B$5) -> 0.78311134 | F13: =IF($B$8="","",L29/$B$5) -> 0.80947656 | G13: =IF($B$9="","",M29/$B$5) -> 0.83514403 | H13: =IF($B$10="","",N29/$B$5) -> 0.85958541
D14: Std dev correct | E14: =IF($B$7="","",K32) -> 6.107603 | F14: =IF($B$8="","",L32) -> 5.8323672 | G14: =IF($B$9="","",M32) -> 5.5257324 | H14: =IF($B$10="","",N32) -> 5.1932735
A17: Set | B17: Items | C17: Weight (per item) | D17: Items×Weight | E17: Weight share | F17: Expected questions | G17: p(correct) @ n-1 | H17: p(correct) @ n-0.5 | I17: p(correct) @ n | J17: p(correct) @ n+0.5 | K17: Exp correct @ n-1 | L17: Exp correct @ n-0.5 | M17: Exp correct @ n | N17: Exp correct @ n+0.5
A18: S8 | B18: =INDEX(AccuracyTable!$A$2:$A$31, MATCH($A18, AccuracyTable!$B$2:$B$31, 0)) -> 3785 | C18: 0.5 | D18: =B18*C18 -> 1892.5 | E18: =D18/SUM($D$18:$D$28) -> 0.04256056 | F18: =$B$5*E18 -> 10.171974 | G18: =IF($B$7="","",INDEX(AccuracyTable!$C$2:$AF$31, MATCH($A18, AccuracyTable!$B$2:$B$31, 0), MATCH($B$7, AccuracyTable!$C$1:$AF$1, 0))) -> 0.95 | H18: =IF($B$8="","",INDEX(AccuracyTable!$C$2:$AF$31, MATCH($A18, AccuracyTable!$B$2:$B$31, 0), MATCH($B$8, AccuracyTable!$C$1:$AF$1, 0))) -> 0.95 | I18: =IF($B$9="","",INDEX(AccuracyTable!$C$2:$AF$31, MATCH($A18, AccuracyTable!$B$2:$B$31, 0), MATCH($B$9, AccuracyTable!$C$1:$AF$1, 0))) -> 0.95 | J18: =IF($B$10="","",INDEX(AccuracyTable!$C$2:$AF$31, MATCH($A18, AccuracyTable!$B$2:$B$31, 0), MATCH($B$10, AccuracyTable!$C$1:$AF$1, 0))) -> 0.95 | K18: =IF($B$7="","",F18*G18) -> 9.6633752 | L18: =IF($B$8="","",F18*H18) -> 9.6633752 | M18: =IF($B$9="","",F18*I18) -> 9.6633752 | N18: =IF($B$10="","",F18*J18) -> 9.6633752 | P18: =I18-H18 -> 0
A19: S9 | B19: =INDEX(AccuracyTable!$A$2:$A$31, MATCH($A19, AccuracyTable!$B$2:$B$31, 0)) -> 4374 | C19: 0.6 | D19: =B19*C19 -> 2624.4 | E19: =D19/SUM($D$18:$D$28) -> 0.059020309 | F19: =$B$5*E19 -> 14.105854 | G19: =IF($B$7="","",INDEX(AccuracyTable!$C$2:$AF$31, MATCH($A19, AccuracyTable!$B$2:$B$31, 0), MATCH($B$7, AccuracyTable!$C$1:$AF$1, 0))) -> 0.9493 | H19: =IF($B$8="","",INDEX(AccuracyTable!$C$2:$AF$31, MATCH($A19, AccuracyTable!$B$2:$B$31, 0), MATCH($B$8, AccuracyTable!$C$1:$AF$1, 0))) -> 0.9499 | I19: =IF($B$9="","",INDEX(AccuracyTable!$C$2:$AF$31, MATCH($A19, AccuracyTable!$B$2:$B$31, 0), MATCH($B$9, AccuracyTable!$C$1:$AF$1, 0))) -> 0.95 | J19: =IF($B$10="","",INDEX(AccuracyTable!$C$2:$AF$31, MATCH($A19, AccuracyTable!$B$2:$B$31, 0), MATCH($B$10, AccuracyTable!$C$1:$AF$1, 0))) -> 0.95 | K19: =IF($B$7="","",F19*G19) -> 13.390687 | L19: =IF($B$8="","",F19*H19) -> 13.399151 | M19: =IF($B$9="","",F19*I19) -> 13.400561 | N19: =IF($B$10="","",F19*J19) -> 13.400561 | P19: =I19-H19 -> 0.0001
A20: S10 | B20: =INDEX(AccuracyTable!$A$2:$A$31, MATCH($A20, AccuracyTable!$B$2:$B$31, 0)) -> 4503 | C20: 0.8 | D20: =B20*C20 -> 3602.4 | E20: =D20/SUM($D$18:$D$28) -> 0.081014617 | F20: =$B$5*E20 -> 19.362493 | G20: =IF($B$7="","",INDEX(AccuracyTable!$C$2:$AF$31, MATCH($A20, AccuracyTable!$B$2:$B$31, 0), MATCH($B$7, AccuracyTable!$C$1:$AF$1, 0))) -> 0.9318 | H20: =IF($B$8="","",INDEX(AccuracyTable!$C$2:$AF$31, MATCH($A20, AccuracyTable!$B$2:$B$31, 0), MATCH($B$8, AccuracyTable!$C$1:$AF$1, 0))) -> 0.943 | I20: =IF($B$9="","",INDEX(AccuracyTable!$C$2:$AF$31, MATCH($A20, AccuracyTable!$B$2:$B$31, 0), MATCH($B$9, AccuracyTable!$C$1:$AF$1, 0))) -> 0.9481 | J20: =IF($B$10="","",INDEX(AccuracyTable!$C$2:$AF$31, MATCH($A20, AccuracyTable!$B$2:$B$31, 0), MATCH($B$10, AccuracyTable!$C$1:$AF$1, 0))) -> 0.9497 | K20: =IF($B$7="","",F20*G20) -> 18.041971 | L20: =IF($B$8="","",F20*H20) -> 18.258831 | M20: =IF($B$9="","",F20*I20) -> 18.35758 | N20: =IF($B$10="","",F20*J20) -> 18.38856 | P20: =I20-H20 -> 0.0051
A21: S11 | B21: =INDEX(AccuracyTable!$A$2:$A$31, MATCH($A21, AccuracyTable!$B$2:$B$31, 0)) -> 4470 | C21: 1 | D21: =B21*C21 -> 4470 | E21: =D21/SUM($D$18:$D$28) -> 0.10052613 | F21: =$B$5*E21 -> 24.025745 | G21: =IF($B$7="","",INDEX(AccuracyTable!$C$2:$AF$31, MATCH($A21, AccuracyTable!$B$2:$B$31, 0), MATCH($B$7, AccuracyTable!$C$1:$AF$1, 0))) -> 0.8747 | H21: =IF($B$8="","",INDEX(AccuracyTable!$C$2:$AF$31, MATCH($A21, AccuracyTable!$B$2:$B$31, 0), MATCH($B$8, AccuracyTable!$C$1:$AF$1, 0))) -> 0.9039 | I21: =IF($B$9="","",INDEX(AccuracyTable!$C$2:$AF$31, MATCH($A21, AccuracyTable!$B$2:$B$31, 0), MATCH($B$9, AccuracyTable!$C$1:$AF$1, 0))) -> 0.9266 | J21: =IF($B$10="","",INDEX(AccuracyTable!$C$2:$AF$31, MATCH($A21, AccuracyTable!$B$2:$B$31, 0), MATCH($B$10, AccuracyTable!$C$1:$AF$1, 0))) -> 0.9407 | K21: =IF($B$7="","",F21*G21) -> 21.01532 | L21: =IF($B$8="","",F21*H21) -> 21.716871 | M21: =IF($B$9="","",F21*I21) -> 22.262256 | N21: =IF($B$10="","",F21*J21) -> 22.601019 | P21: =I21-H21 -> 0.0227
A22: S12 | B22: =INDEX(AccuracyTable!$A$2:$A$31, MATCH($A22, AccuracyTable!$B$2:$B$31, 0)) -> 4276 | C22: 1.6 | D22: =B22*C22 -> 6841.6 | E22: =D22/SUM($D$18:$D$28) -> 0.1538612 | F22: =$B$5*E22 -> 36.772828 | G22: =IF($B$7="","",INDEX(AccuracyTable!$C$2:$AF$31, MATCH($A22, AccuracyTable!$B$2:$B$31, 0), MATCH($B$7, AccuracyTable!$C$1:$AF$1, 0))) -> 0.8077 | H22: =IF($B$8="","",INDEX(AccuracyTable!$C$2:$AF$31, MATCH($A22, AccuracyTable!$B$2:$B$31, 0), MATCH($B$8, AccuracyTable!$C$1:$AF$1, 0))) -> 0.8432 | I22: =IF($B$9="","",INDEX(AccuracyTable!$C$2:$AF$31, MATCH($A22, AccuracyTable!$B$2:$B$31, 0), MATCH($B$9, AccuracyTable!$C$1:$AF$1, 0))) -> 0.8774 | J22: =IF($B$10="","",INDEX(AccuracyTable!$C$2:$AF$31, MATCH($A22, AccuracyTable!$B$2:$B$31, 0), MATCH($B$10, AccuracyTable!$C$1:$AF$1, 0))) -> 0.907 | K22: =IF($B$7="","",F22*G22) -> 29.701413 | L22: =IF($B$8="","",F22*H22) -> 31.006848 | M22: =IF($B$9="","",F22*I22) -> 32.264479 | N22: =IF($B$10="","",F22*J22) -> 33.352955 | P22: =I22-H22 -> 0.0342
A23: S13 | B23: =INDEX(AccuracyTable!$A$2:$A$31, MATCH($A23, AccuracyTable!$B$2:$B$31, 0)) -> 4380 | C23: 2 | D23: =B23*C23 -> 8760 | E23: =D23/SUM($D$18:$D$28) -> 0.19700423 | F23: =$B$5*E23 -> 47.084011 | G23: =IF($B$7="","",INDEX(AccuracyTable!$C$2:$AF$31, MATCH($A23, AccuracyTable!$B$2:$B$31, 0), MATCH($B$7, AccuracyTable!$C$1:$AF$1, 0))) -> 0.7497 | H23: =IF($B$8="","",INDEX(AccuracyTable!$C$2:$AF$31, MATCH($A23, AccuracyTable!$B$2:$B$31, 0), MATCH($B$8, AccuracyTable!$C$1:$AF$1, 0))) -> 0.7844 | I23: =IF($B$9="","",INDEX(AccuracyTable!$C$2:$AF$31, MATCH($A23, AccuracyTable!$B$2:$B$31, 0), MATCH($B$9, AccuracyTable!$C$1:$AF$1, 0))) -> 0.8203 | J23: =IF($B$10="","",INDEX(AccuracyTable!$C$2:$AF$31, MATCH($A23, AccuracyTable!$B$2:$B$31, 0), MATCH($B$10, AccuracyTable!$C$1:$AF$1, 0))) -> 0.8561 | K23: =IF($B$7="","",F23*G23) -> 35.298883 | L23: =IF($B$8="","",F23*H23) -> 36.932698 | M23: =IF($B$9="","",F23*I23) -> 38.623014 | N23: =IF($B$10="","",F23*J23) -> 40.308622 | P23: =I23-H23 -> 0.0359
A24: S14 | B24: =INDEX(AccuracyTable!$A$2:$A$31, MATCH($A24, AccuracyTable!$B$2:$B$31, 0)) -> 4674 | C24: 1.5 | D24: =B24*C24 -> 7011 | E24: =D24/SUM($D$18:$D$28) -> 0.15767085 | F24: =$B$5*E24 -> 37.683334 | G24: =IF($B$7="","",INDEX(AccuracyTable!$C$2:$AF$31, MATCH($A24, AccuracyTable!$B$2:$B$31, 0), MATCH($B$7, AccuracyTable!$C$1:$AF$1, 0))) -> 0.7158 | H24: =IF($B$8="","",INDEX(AccuracyTable!$C$2:$AF$31, MATCH($A24, AccuracyTable!$B$2:$B$31, 0), MATCH($B$8, AccuracyTable!$C$1:$AF$1, 0))) -> 0.7477 | I24: =IF($B$9="","",INDEX(AccuracyTable!$C$2:$AF$31, MATCH($A24, AccuracyTable!$B$2:$B$31, 0), MATCH($B$9, AccuracyTable!$C$1:$AF$1, 0))) -> 0.7802 | J24: =IF($B$10="","",INDEX(AccuracyTable!$C$2:$AF$31, MATCH($A24, AccuracyTable!$B$2:$B$31, 0), MATCH($B$10, AccuracyTable!$C$1:$AF$1, 0))) -> 0.8137 | K24: =IF($B$7="","",F24*G24) -> 26.97373 | L24: =IF($B$8="","",F24*H24) -> 28.175829 | M24: =IF($B$9="","",F24*I24) -> 29.400537 | N24: =IF($B$10="","",F24*J24) -> 30.662929 | P24: =I24-H24 -> 0.0325
A25: S15 | B25: =INDEX(AccuracyTable!$A$2:$A$31, MATCH($A25, AccuracyTable!$B$2:$B$31, 0)) -> 5269 | C25: 1.4 | D25: =B25*C25 -> 7376.6 | E25: =D25/SUM($D$18:$D$28) -> 0.16589286 | F25: =$B$5*E25 -> 39.648392 | G25: =IF($B$7="","",INDEX(AccuracyTable!$C$2:$AF$31, MATCH($A25, AccuracyTable!$B$2:$B$31, 0), MATCH($B$7, AccuracyTable!$C$1:$AF$1, 0))) -> 0.5912 | H25: =IF($B$8="","",INDEX(AccuracyTable!$C$2:$AF$31, MATCH($A25, AccuracyTable!$B$2:$B$31, 0), MATCH($B$8, AccuracyTable!$C$1:$AF$1, 0))) -> 0.6223 | I25: =IF($B$9="","",INDEX(AccuracyTable!$C$2:$AF$31, MATCH($A25, AccuracyTable!$B$2:$B$31, 0), MATCH($B$9, AccuracyTable!$C$1:$AF$1, 0))) -> 0.6555 | J25: =IF($B$10="","",INDEX(AccuracyTable!$C$2:$AF$31, MATCH($A25, AccuracyTable!$B$2:$B$31, 0), MATCH($B$10, AccuracyTable!$C$1:$AF$1, 0))) -> 0.6917 | K25: =IF($B$7="","",F25*G25) -> 23.44013 | L25: =IF($B$8="","",F25*H25) -> 24.673195 | M25: =IF($B$9="","",F25*I25) -> 25.989521 | N25: =IF($B$10="","",F25*J25) -> 27.424793 | P25: =I25-H25 -> 0.0332
A26: L13 | B26: =INDEX(AccuracyTable!$A$2:$A$31, MATCH($A26, AccuracyTable!$B$2:$B$31, 0)) -> 2072 | C26: 0.5 | D26: =B26*C26 -> 1036 | E26: =D26/SUM($D$18:$D$28) -> 0.023298674 | F26: =$B$5*E26 -> 5.5683831 | G26: =IF($B$7="","",INDEX(AccuracyTable!$C$2:$AF$31, MATCH($A26, AccuracyTable!$B$2:$B$31, 0), MATCH($B$7, AccuracyTable!$C$1:$AF$1, 0))) -> 0.95 | H26: =IF($B$8="","",INDEX(AccuracyTable!$C$2:$AF$31, MATCH($A26, AccuracyTable!$B$2:$B$31, 0), MATCH($B$8, AccuracyTable!$C$1:$AF$1, 0))) -> 0.95 | I26: =IF($B$9="","",INDEX(AccuracyTable!$C$2:$AF$31, MATCH($A26, AccuracyTable!$B$2:$B$31, 0), MATCH($B$9, AccuracyTable!$C$1:$AF$1, 0))) -> 0.95 | J26: =IF($B$10="","",INDEX(AccuracyTable!$C$2:$AF$31, MATCH($A26, AccuracyTable!$B$2:$B$31, 0), MATCH($B$10, AccuracyTable!$C$1:$AF$1, 0))) -> 0.95 | K26: =IF($B$7="","",F26*G26) -> 5.2899639 | L26: =IF($B$8="","",F26*H26) -> 5.2899639 | M26: =IF($B$9="","",F26*I26) -> 5.2899639 | N26: =IF($B$10="","",F26*J26) -> 5.2899639 | P26: =I26-H26 -> 0
A27: L14 | B27: =INDEX(AccuracyTable!$A$2:$A$31, MATCH($A27, AccuracyTable!$B$2:$B$31, 0)) -> 2433 | C27: 0.35 | D27: =B27*C27 -> 851.55 | E27: =D27/SUM($D$18:$D$28) -> 0.019150565 | F27: =$B$5*E27 -> 4.5769851 | G27: =IF($B$7="","",INDEX(AccuracyTable!$C$2:$AF$31, MATCH($A27, AccuracyTable!$B$2:$B$31, 0), MATCH($B$7, AccuracyTable!$C$1:$AF$1, 0))) -> 0.95 | H27: =IF($B$8="","",INDEX(AccuracyTable!$C$2:$AF$31, MATCH($A27, AccuracyTable!$B$2:$B$31, 0), MATCH($B$8, AccuracyTable!$C$1:$AF$1, 0))) -> 0.95 | I27: =IF($B$9="","",INDEX(AccuracyTable!$C$2:$AF$31, MATCH($A27, AccuracyTable!$B$2:$B$31, 0), MATCH($B$9, AccuracyTable!$C$1:$AF$1, 0))) -> 0.95 | J27: =IF($B$10="","",INDEX(AccuracyTable!$C$2:$AF$31, MATCH($A27, AccuracyTable!$B$2:$B$31, 0), MATCH($B$10, AccuracyTable!$C$1:$AF$1, 0))) -> 0.95 | K27: =IF($B$7="","",F27*G27) -> 4.3481359 | L27: =IF($B$8="","",F27*H27) -> 4.3481359 | M27: =IF($B$9="","",F27*I27) -> 4.3481359 | N27: =IF($B$10="","",F27*J27) -> 4.3481359 | P27: =I27-H27 -> 0
A28: L15 | B28: =INDEX(AccuracyTable!$A$2:$A$31, MATCH($A28, AccuracyTable!$B$2:$B$31, 0)) -> 2137 | C28: 0 | D28: =B28*C28 -> 0 | E28: =D28/SUM($D$18:$D$28) -> 0 | F28: =$B$5*E28 -> 0 | G28: =IF($B$7="","",INDEX(AccuracyTable!$C$2:$AF$31, MATCH($A28, AccuracyTable!$B$2:$B$31, 0), MATCH($B$7, AccuracyTable!$C$1:$AF$1, 0))) -> 0.95 | H28: =IF($B$8="","",INDEX(AccuracyTable!$C$2:$AF$31, MATCH($A28, AccuracyTable!$B$2:$B$31, 0), MATCH($B$8, AccuracyTable!$C$1:$AF$1, 0))) -> 0.95 | I28: =IF($B$9="","",INDEX(AccuracyTable!$C$2:$AF$31, MATCH($A28, AccuracyTable!$B$2:$B$31, 0), MATCH($B$9, AccuracyTable!$C$1:$AF$1, 0))) -> 0.95 | J28: =IF($B$10="","",INDEX(AccuracyTable!$C$2:$AF$31, MATCH($A28, AccuracyTable!$B$2:$B$31, 0), MATCH($B$10, AccuracyTable!$C$1:$AF$1, 0))) -> 0.95 | K28: =IF($B$7="","",F28*G28) -> 0 | L28: =IF($B$8="","",F28*H28) -> 0 | M28: =IF($B$9="","",F28*I28) -> 0 | N28: =IF($B$10="","",F28*J28) -> 0 | P28: =I28-H28 -> 0
A29: TOTAL | D29: =SUM($D$18:$D$28) -> 44466.05 | E29: =SUM($E$18:$E$28) -> 1 | F29: =SUM($F$18:$F$28) -> 239 | K29: =SUM($K$18:$K$28) -> 187.16361 | L29: =SUM($L$18:$L$28) -> 193.4649 | M29: =SUM($M$18:$M$28) -> 199.59942 | N29: =SUM($N$18:$N$28) -> 205.44091
A31: Variance (approx) | K31: =IF($B$7="","",SUMPRODUCT($F$18:$F$28,$G$18:$G$28,(1-$G$18:$G$28))) -> 37.302815 | L31: =IF($B$8="","",SUMPRODUCT($F$18:$F$28,$H$18:$H$28,(1-$H$18:$H$28))) -> 34.016507 | M31: =IF($B$9="","",SUMPRODUCT($F$18:$F$28,$I$18:$I$28,(1-$I$18:$I$28))) -> 30.533719 | N31: =IF($B$10="","",SUMPRODUCT($F$18:$F$28,$J$18:$J$28,(1-$J$18:$J$28))) -> 26.97009
A32: Std dev (approx) | K32: =IF($B$7="","",SQRT(K31)) -> 6.107603 | L32: =IF($B$8="","",SQRT(L31)) -> 5.8323672 | M32: =IF($B$9="","",SQRT(M31)) -> 5.5257324 | N32: =IF($B$10="","",SQRT(N31)) -> 5.1932735

Sheet Quiz 14
A1: Quiz 14 – Scope, Weights, Thresholds, Pass Probabilities
A3: Controls (blue = editable) | D3: Threshold & pass probabilities
A4: Quiz level (n) | B4: 14 | D4: Pass threshold (expected correct at ability n) | E4: =M29 -> 199.69232
A5: Total questions (N) | B5: 231 | D5: Pass threshold (rounded up) | E5: =ROUNDUP($E$4,0) -> 200
A6: Note: Weight share is proportional to (items × weight).
A7: Ability n-1 | B7: =IF(OR($B$4-1<0.5,$B$4-1>15),"",$B$4-1) -> 13 | D7: P-1 (ability n-1) | E7: =IF($B$7="",-1,IF(K32=0,IF(K29>=$E$5,1,0),1-_xlfn.NORM.DIST($E$5-0.5,K29,K32,TRUE))) -> 0.015569447
A8: Ability n-0.5 | B8: =IF(OR($B$4-0.5<0.5,$B$4-0.5>15),"",$B$4-0.5) -> 13.5 | D8: P-0.5 (ability n-0.5) | E8: =IF($B$8="",-1,IF(L32=0,IF(L29>=$E$5,1,0),1-_xlfn.NORM.DIST($E$5-0.5,L29,L32,TRUE))) -> 0.13499227
A9: Ability n | B9: =$B$4 -> 14 | D9: P-0 (ability n) | E9: =IF($B$9="",-1,IF(M32=0,IF(M29>=$E$5,1,0),1-_xlfn.NORM.DIST($E$5-0.5,M29,M32,TRUE))) -> 0.51515781
A10: Ability n+0.5 | B10: =IF(OR($B$4+0.5<0.5,$B$4+0.5>15),"",$B$4+0.5) -> 14.5 | D10: P+0.5 (ability n+0.5) | E10: =IF($B$10="",-1,IF(N32=0,IF(N29>=$E$5,1,0),1-_xlfn.NORM.DIST($E$5-0.5,N29,N32,TRUE))) -> 0.99989071
E11: n-1 | F11: n-0.5 | G11: n | H11: n+0.5
D12: Mean correct | E12: =IF($B$7="","",K29) -> 187.06873 | F12: =IF($B$8="","",L29) -> 193.5092 | G12: =IF($B$9="","",M29) -> 199.69232 | H12: =IF($B$10="","",N29) -> 214.03906
D13: Accuracy % | E13: =IF($B$7="","",K29/$B$5) -> 0.80982135 | F13: =IF($B$8="","",L29/$B$5) -> 0.83770218 | G13: =IF($B$9="","",M29/$B$5) -> 0.86446892 | H13: =IF($B$10="","",N29/$B$5) -> 0.92657604
D14: Std dev correct | E14: =IF($B$7="","",K32) -> 5.7677852 | F14: =IF($B$8="","",L32) -> 5.4308822 | G14: =IF($B$9="","",M32) -> 5.0604965 | H14: =IF($B$10="","",N32) -> 3.9331862
A17: Set | B17: Items | C17: Weight (per item) | D17: Items×Weight | E17: Weight share | F17: Expected questions | G17: p(correct) @ n-1 | H17: p(correct) @ n-0.5 | I17: p(correct) @ n | J17: p(correct) @ n+0.5 | K17: Exp correct @ n-1 | L17: Exp correct @ n-0.5 | M17: Exp correct @ n | N17: Exp correct @ n+0.5
A18: S8 | B18: =INDEX(AccuracyTable!$A$2:$A$31, MATCH($A18, AccuracyTable!$B$2:$B$31, 0)) -> 3785 | C18: 0.3 | D18: =B18*C18 -> 1135.5 | E18: =D18/SUM($D$18:$D$28) -> 0.024074086 | F18: =$B$5*E18 -> 5.5611138 | G18: =IF($B$7="","",INDEX(AccuracyTable!$C$2:$AF$31, MATCH($A18, AccuracyTable!$B$2:$B$31, 0), MATCH($B$7, AccuracyTable!$C$1:$AF$1, 0))) -> 0.95 | H18: =IF($B$8="","",INDEX(AccuracyTable!$C$2:$AF$31, MATCH($A18, AccuracyTable!$B$2:$B$31, 0), MATCH($B$8, AccuracyTable!$C$1:$AF$1, 0))) -> 0.95 | I18: =IF($B$9="","",INDEX(AccuracyTable!$C$2:$AF$31, MATCH($A18, AccuracyTable!$B$2:$B$31, 0), MATCH($B$9, AccuracyTable!$C$1:$AF$1, 0))) -> 0.95 | J18: =IF($B$10="","",INDEX(AccuracyTable!$C$2:$AF$31, MATCH($A18, AccuracyTable!$B$2:$B$31, 0), MATCH($B$10, AccuracyTable!$C$1:$AF$1, 0))) -> 0.95 | K18: =IF($B$7="","",F18*G18) -> 5.2830581 | L18: =IF($B$8="","",F18*H18) -> 5.2830581 | M18: =IF($B$9="","",F18*I18) -> 5.2830581 | N18: =IF($B$10="","",F18*J18) -> 5.2830581 | P18: =I18-H18 -> 0
A19: S9 | B19: =INDEX(AccuracyTable!$A$2:$A$31, MATCH($A19, AccuracyTable!$B$2:$B$31, 0)) -> 4374 | C19: 0.4 | D19: =B19*C19 -> 1749.6 | E19: =D19/SUM($D$18:$D$28) -> 0.037093809 | F19: =$B$5*E19 -> 8.56867 | G19: =IF($B$7="","",INDEX(AccuracyTable!$C$2:$AF$31, MATCH($A19, AccuracyTable!$B$2:$B$31, 0), MATCH($B$7, AccuracyTable!$C$1:$AF$1, 0))) -> 0.95 | H19: =IF($B$8="","",INDEX(AccuracyTable!$C$2:$AF$31, MATCH($A19, AccuracyTable!$B$2:$B$31, 0), MATCH($B$8, AccuracyTable!$C$1:$AF$1, 0))) -> 0.95 | I19: =IF($B$9="","",INDEX(AccuracyTable!$C$2:$AF$31, MATCH($A19, AccuracyTable!$B$2:$B$31, 0), MATCH($B$9, AccuracyTable!$C$1:$AF$1, 0))) -> 0.95 | J19: =IF($B$10="","",INDEX(AccuracyTable!$C$2:$AF$31, MATCH($A19, AccuracyTable!$B$2:$B$31, 0), MATCH($B$10, AccuracyTable!$C$1:$AF$1, 0))) -> 0.95 | K19: =IF($B$7="","",F19*G19) -> 8.1402365 | L19: =IF($B$8="","",F19*H19) -> 8.1402365 | M19: =IF($B$9="","",F19*I19) -> 8.1402365 | N19: =IF($B$10="","",F19*J19) -> 8.1402365 | P19: =I19-H19 -> 0
A20: S10 | B20: =INDEX(AccuracyTable!$A$2:$A$31, MATCH($A20, AccuracyTable!$B$2:$B$31, 0)) -> 4503 | C20: 0.5 | D20: =B20*C20 -> 2251.5 | E20: =D20/SUM($D$18:$D$28) -> 0.047734746 | F20: =$B$5*E20 -> 11.026726 | G20: =IF($B$7="","",INDEX(AccuracyTable!$C$2:$AF$31, MATCH($A20, AccuracyTable!$B$2:$B$31, 0), MATCH($B$7, AccuracyTable!$C$1:$AF$1, 0))) -> 0.9481 | H20: =IF($B$8="","",INDEX(AccuracyTable!$C$2:$AF$31, MATCH($A20, AccuracyTable!$B$2:$B$31, 0), MATCH($B$8, AccuracyTable!$C$1:$AF$1, 0))) -> 0.9497 | I20: =IF($B$9="","",INDEX(AccuracyTable!$C$2:$AF$31, MATCH($A20, AccuracyTable!$B$2:$B$31, 0), MATCH($B$9, AccuracyTable!$C$1:$AF$1, 0))) -> 0.95 | J20: =IF($B$10="","",INDEX(AccuracyTable!$C$2:$AF$31, MATCH($A20, AccuracyTable!$B$2:$B$31, 0), MATCH($B$10, AccuracyTable!$C$1:$AF$1, 0))) -> 0.95 | K20: =IF($B$7="","",F20*G20) -> 10.454439 | L20: =IF($B$8="","",F20*H20) -> 10.472082 | M20: =IF($B$9="","",F20*I20) -> 10.47539 | N20: =IF($B$10="","",F20*J20) -> 10.47539 | P20: =I20-H20 -> 0.0003
A21: S11 | B21: =INDEX(AccuracyTable!$A$2:$A$31, MATCH($A21, AccuracyTable!$B$2:$B$31, 0)) -> 4470 | C21: 0.9 | D21: =B21*C21 -> 4023 | E21: =D21/SUM($D$18:$D$28) -> 0.085292864 | F21: =$B$5*E21 -> 19.702652 | G21: =IF($B$7="","",INDEX(AccuracyTable!$C$2:$AF$31, MATCH($A21, AccuracyTable!$B$2:$B$31, 0), MATCH($B$7, AccuracyTable!$C$1:$AF$1, 0))) -> 0.9266 | H21: =IF($B$8="","",INDEX(AccuracyTable!$C$2:$AF$31, MATCH($A21, AccuracyTable!$B$2:$B$31, 0), MATCH($B$8, AccuracyTable!$C$1:$AF$1, 0))) -> 0.9407 | I21: =IF($B$9="","",INDEX(AccuracyTable!$C$2:$AF$31, MATCH($A21, AccuracyTable!$B$2:$B$31, 0), MATCH($B$9, AccuracyTable!$C$1:$AF$1, 0))) -> 0.9474 | J21: =IF($B$10="","",INDEX(AccuracyTable!$C$2:$AF$31, MATCH($A21, AccuracyTable!$B$2:$B$31, 0), MATCH($B$10, AccuracyTable!$C$1:$AF$1, 0))) -> 0.95 | K21: =IF($B$7="","",F21*G21) -> 18.256477 | L21: =IF($B$8="","",F21*H21) -> 18.534284 | M21: =IF($B$9="","",F21*I21) -> 18.666292 | N21: =IF($B$10="","",F21*J21) -> 18.717519 | P21: =I21-H21 -> 0.0067
A22: S12 | B22: =INDEX(AccuracyTable!$A$2:$A$31, MATCH($A22, AccuracyTable!$B$2:$B$31, 0)) -> 4276 | C22: 1.7 | D22: =B22*C22 -> 7269.2 | E22: =D22/SUM($D$18:$D$28) -> 0.15411655 | F22: =$B$5*E22 -> 35.600924 | G22: =IF($B$7="","",INDEX(AccuracyTable!$C$2:$AF$31, MATCH($A22, AccuracyTable!$B$2:$B$31, 0), MATCH($B$7, AccuracyTable!$C$1:$AF$1, 0))) -> 0.8774 | H22: =IF($B$8="","",INDEX(AccuracyTable!$C$2:$AF$31, MATCH($A22, AccuracyTable!$B$2:$B$31, 0), MATCH($B$8, AccuracyTable!$C$1:$AF$1, 0))) -> 0.907 | I22: =IF($B$9="","",INDEX(AccuracyTable!$C$2:$AF$31, MATCH($A22, AccuracyTable!$B$2:$B$31, 0), MATCH($B$9, AccuracyTable!$C$1:$AF$1, 0))) -> 0.9293 | J22: =IF($B$10="","",INDEX(AccuracyTable!$C$2:$AF$31, MATCH($A22, AccuracyTable!$B$2:$B$31, 0), MATCH($B$10, AccuracyTable!$C$1:$AF$1, 0))) -> 0.9497 | K22: =IF($B$7="","",F22*G22) -> 31.23625 | L22: =IF($B$8="","",F22*H22) -> 32.290038 | M22: =IF($B$9="","",F22*I22) -> 33.083938 | N22: =IF($B$10="","",F22*J22) -> 33.810197 | P22: =I22-H22 -> 0.0223
A23: S13 | B23: =INDEX(AccuracyTable!$A$2:$A$31, MATCH($A23, AccuracyTable!$B$2:$B$31, 0)) -> 4380 | C23: 2 | D23: =B23*C23 -> 8760 | E23: =D23/SUM($D$18:$D$28) -> 0.18572346 | F23: =$B$5*E23 -> 42.90212 | G23: =IF($B$7="","",INDEX(AccuracyTable!$C$2:$AF$31, MATCH($A23, AccuracyTable!$B$2:$B$31, 0), MATCH($B$7, AccuracyTable!$C$1:$AF$1, 0))) -> 0.8203 | H23: =IF($B$8="","",INDEX(AccuracyTable!$C$2:$AF$31, MATCH($A23, AccuracyTable!$B$2:$B$31, 0), MATCH($B$8, AccuracyTable!$C$1:$AF$1, 0))) -> 0.8561 | I23: =IF($B$9="","",INDEX(AccuracyTable!$C$2:$AF$31, MATCH($A23, AccuracyTable!$B$2:$B$31, 0), MATCH($B$9, AccuracyTable!$C$1:$AF$1, 0))) -> 0.8897 | J23: =IF($B$10="","",INDEX(AccuracyTable!$C$2:$AF$31, MATCH($A23, AccuracyTable!$B$2:$B$31, 0), MATCH($B$10, AccuracyTable!$C$1:$AF$1, 0))) -> 0.9458 | K23: =IF($B$7="","",F23*G23) -> 35.192609 | L23: =IF($B$8="","",F23*H23) -> 36.728505 | M23: =IF($B$9="","",F23*I23) -> 38.170016 | N23: =IF($B$10="","",F23*J23) -> 40.576825 | P23: =I23-H23 -> 0.0336
A24: S14 | B24: =INDEX(AccuracyTable!$A$2:$A$31, MATCH($A24, AccuracyTable!$B$2:$B$31, 0)) -> 4674 | C24: 2.2 | D24: =B24*C24 -> 10282.8 | E24: =D24/SUM($D$18:$D$28) -> 0.21800882 | F24: =$B$5*E24 -> 50.360036 | G24: =IF($B$7="","",INDEX(AccuracyTable!$C$2:$AF$31, MATCH($A24, AccuracyTable!$B$2:$B$31, 0), MATCH($B$7, AccuracyTable!$C$1:$AF$1, 0))) -> 0.7802 | H24: =IF($B$8="","",INDEX(AccuracyTable!$C$2:$AF$31, MATCH($A24, AccuracyTable!$B$2:$B$31, 0), MATCH($B$8, AccuracyTable!$C$1:$AF$1, 0))) -> 0.8137 | I24: =IF($B$9="","",INDEX(AccuracyTable!$C$2:$AF$31, MATCH($A24, AccuracyTable!$B$2:$B$31, 0), MATCH($B$9, AccuracyTable!$C$1:$AF$1, 0))) -> 0.848 | J24: =IF($B$10="","",INDEX(AccuracyTable!$C$2:$AF$31, MATCH($A24, AccuracyTable!$B$2:$B$31, 0), MATCH($B$10, AccuracyTable!$C$1:$AF$1, 0))) -> 0.9312 | K24: =IF($B$7="","",F24*G24) -> 39.2909 | L24: =IF($B$8="","",F24*H24) -> 40.977962 | M24: =IF($B$9="","",F24*I24) -> 42.705311 | N24: =IF($B$10="","",F24*J24) -> 46.895266 | P24: =I24-H24 -> 0.0343
A25: S15 | B25: =INDEX(AccuracyTable!$A$2:$A$31, MATCH($A25, AccuracyTable!$B$2:$B$31, 0)) -> 5269 | C25: 2 | D25: =B25*C25 -> 10538 | E25: =D25/SUM($D$18:$D$28) -> 0.22341939 | F25: =$B$5*E25 -> 51.609879 | G25: =IF($B$7="","",INDEX(AccuracyTable!$C$2:$AF$31, MATCH($A25, AccuracyTable!$B$2:$B$31, 0), MATCH($B$7, AccuracyTable!$C$1:$AF$1, 0))) -> 0.6555 | H25: =IF($B$8="","",INDEX(AccuracyTable!$C$2:$AF$31, MATCH($A25, AccuracyTable!$B$2:$B$31, 0), MATCH($B$8, AccuracyTable!$C$1:$AF$1, 0))) -> 0.6917 | I25: =IF($B$9="","",INDEX(AccuracyTable!$C$2:$AF$31, MATCH($A25, AccuracyTable!$B$2:$B$31, 0), MATCH($B$9, AccuracyTable!$C$1:$AF$1, 0))) -> 0.7321 | J25: =IF($B$10="","",INDEX(AccuracyTable!$C$2:$AF$31, MATCH($A25, AccuracyTable!$B$2:$B$31, 0), MATCH($B$10, AccuracyTable!$C$1:$AF$1, 0))) -> 0.8672 | K25: =IF($B$7="","",F25*G25) -> 33.830276 | L25: =IF($B$8="","",F25*H25) -> 35.698553 | M25: =IF($B$9="","",F25*I25) -> 37.783592 | N25: =IF($B$10="","",F25*J25) -> 44.756087 | P25: =I25-H25 -> 0.0404
A26: L13 | B26: =INDEX(AccuracyTable!$A$2:$A$31, MATCH($A26, AccuracyTable!$B$2:$B$31, 0)) -> 2072 | C26: 0 | D26: =B26*C26 -> 0 | E26: =D26/SUM($D$18:$D$28) -> 0 | F26: =$B$5*E26 -> 0 | G26: =IF($B$7="","",INDEX(AccuracyTable!$C$2:$AF$31, MATCH($A26, AccuracyTable!$B$2:$B$31, 0), MATCH($B$7, AccuracyTable!$C$1:$AF$1, 0))) -> 0.95 | H26: =IF($B$8="","",INDEX(AccuracyTable!$C$2:$AF$31, MATCH($A26, AccuracyTable!$B$2:$B$31, 0), MATCH($B$8, AccuracyTable!$C$1:$AF$1, 0))) -> 0.95 | I26: =IF($B$9="","",INDEX(AccuracyTable!$C$2:$AF$31, MATCH($A26, AccuracyTable!$B$2:$B$31, 0), MATCH($B$9, AccuracyTable!$C$1:$AF$1, 0))) -> 0.95 | J26: =IF($B$10="","",INDEX(AccuracyTable!$C$2:$AF$31, MATCH($A26, AccuracyTable!$B$2:$B$31, 0), MATCH($B$10, AccuracyTable!$C$1:$AF$1, 0))) -> 0.95 | K26: =IF($B$7="","",F26*G26) -> 0 | L26: =IF($B$8="","",F26*H26) -> 0 | M26: =IF($B$9="","",F26*I26) -> 0 | N26: =IF($B$10="","",F26*J26) -> 0 | P26: =I26-H26 -> 0
A27: L14 | B27: =INDEX(AccuracyTable!$A$2:$A$31, MATCH($A27, AccuracyTable!$B$2:$B$31, 0)) -> 2433 | C27: 0.3 | D27: =B27*C27 -> 729.9 | E27: =D27/SUM($D$18:$D$28) -> 0.015474835 | F27: =$B$5*E27 -> 3.5746869 | G27: =IF($B$7="","",INDEX(AccuracyTable!$C$2:$AF$31, MATCH($A27, AccuracyTable!$B$2:$B$31, 0), MATCH($B$7, AccuracyTable!$C$1:$AF$1, 0))) -> 0.95 | H27: =IF($B$8="","",INDEX(AccuracyTable!$C$2:$AF$31, MATCH($A27, AccuracyTable!$B$2:$B$31, 0), MATCH($B$8, AccuracyTable!$C$1:$AF$1, 0))) -> 0.95 | I27: =IF($B$9="","",INDEX(AccuracyTable!$C$2:$AF$31, MATCH($A27, AccuracyTable!$B$2:$B$31, 0), MATCH($B$9, AccuracyTable!$C$1:$AF$1, 0))) -> 0.95 | J27: =IF($B$10="","",INDEX(AccuracyTable!$C$2:$AF$31, MATCH($A27, AccuracyTable!$B$2:$B$31, 0), MATCH($B$10, AccuracyTable!$C$1:$AF$1, 0))) -> 0.95 | K27: =IF($B$7="","",F27*G27) -> 3.3959526 | L27: =IF($B$8="","",F27*H27) -> 3.3959526 | M27: =IF($B$9="","",F27*I27) -> 3.3959526 | N27: =IF($B$10="","",F27*J27) -> 3.3959526 | P27: =I27-H27 -> 0
A28: L15 | B28: =INDEX(AccuracyTable!$A$2:$A$31, MATCH($A28, AccuracyTable!$B$2:$B$31, 0)) -> 2137 | C28: 0.2 | D28: =B28*C28 -> 427.4 | E28: =D28/SUM($D$18:$D$28) -> 0.0090614393 | F28: =$B$5*E28 -> 2.0931925 | G28: =IF($B$7="","",INDEX(AccuracyTable!$C$2:$AF$31, MATCH($A28, AccuracyTable!$B$2:$B$31, 0), MATCH($B$7, AccuracyTable!$C$1:$AF$1, 0))) -> 0.95 | H28: =IF($B$8="","",INDEX(AccuracyTable!$C$2:$AF$31, MATCH($A28, AccuracyTable!$B$2:$B$31, 0), MATCH($B$8, AccuracyTable!$C$1:$AF$1, 0))) -> 0.95 | I28: =IF($B$9="","",INDEX(AccuracyTable!$C$2:$AF$31, MATCH($A28, AccuracyTable!$B$2:$B$31, 0), MATCH($B$9, AccuracyTable!$C$1:$AF$1, 0))) -> 0.95 | J28: =IF($B$10="","",INDEX(AccuracyTable!$C$2:$AF$31, MATCH($A28, AccuracyTable!$B$2:$B$31, 0), MATCH($B$10, AccuracyTable!$C$1:$AF$1, 0))) -> 0.95 | K28: =IF($B$7="","",F28*G28) -> 1.9885328 | L28: =IF($B$8="","",F28*H28) -> 1.9885328 | M28: =IF($B$9="","",F28*I28) -> 1.9885328 | N28: =IF($B$10="","",F28*J28) -> 1.9885328 | P28: =I28-H28 -> 0
A29: TOTAL | D29: =SUM($D$18:$D$28) -> 47166.9 | E29: =SUM($E$18:$E$28) -> 1 | F29: =SUM($F$18:$F$28) -> 231 | K29: =SUM($K$18:$K$28) -> 187.06873 | L29: =SUM($L$18:$L$28) -> 193.5092 | M29: =SUM($M$18:$M$28) -> 199.69232 | N29: =SUM($N$18:$N$28) -> 214.03906
A31: Variance (approx) | K31: =IF($B$7="","",SUMPRODUCT($F$18:$F$28,$G$18:$G$28,(1-$G$18:$G$28))) -> 33.267346 | L31: =IF($B$8="","",SUMPRODUCT($F$18:$F$28,$H$18:$H$28,(1-$H$18:$H$28))) -> 29.494481 | M31: =IF($B$9="","",SUMPRODUCT($F$18:$F$28,$I$18:$I$28,(1-$I$18:$I$28))) -> 25.608624 | N31: =IF($B$10="","",SUMPRODUCT($F$18:$F$28,$J$18:$J$28,(1-$J$18:$J$28))) -> 15.469954
A32: Std dev (approx) | K32: =IF($B$7="","",SQRT(K31)) -> 5.7677852 | L32: =IF($B$8="","",SQRT(L31)) -> 5.4308822 | M32: =IF($B$9="","",SQRT(M31)) -> 5.0604965 | N32: =IF($B$10="","",SQRT(N31)) -> 3.9331862

Sheet Quiz 15
A1: Quiz 15 – Scope, Weights, Thresholds, Pass Probabilities
A3: Controls (blue = editable) | D3: Threshold & pass probabilities
A4: Quiz level (n) | B4: 15 | D4: Pass threshold (expected correct at ability n) | E4: =M29 -> 199.17213
A5: Total questions (N) | B5: 210 | D5: Pass threshold (rounded up) | E5: =ROUNDUP($E$4,0) -> 200
A6: Note: Weight share is proportional to (items × weight).
A7: Ability n-1 | B7: =IF(OR($B$4-1<0.5,$B$4-1>15),"",$B$4-1) -> 14 | D7: P-1 (ability n-1) | E7: =IF($B$7="",-1,IF(K32=0,IF(K29>=$E$5,1,0),1-_xlfn.NORM.DIST($E$5-0.5,K29,K32,TRUE))) -> 2.6831888e-05
A8: Ability n-0.5 | B8: =IF(OR($B$4-0.5<0.5,$B$4-0.5>15),"",$B$4-0.5) -> 14.5 | D8: P-0.5 (ability n-0.5) | E8: =IF($B$8="",-1,IF(L32=0,IF(L29>=$E$5,1,0),1-_xlfn.NORM.DIST($E$5-0.5,L29,L32,TRUE))) -> 0.0635071
A9: Ability n | B9: =$B$4 -> 15 | D9: P-0 (ability n) | E9: =IF($B$9="",-1,IF(M32=0,IF(M29>=$E$5,1,0),1-_xlfn.NORM.DIST($E$5-0.5,M29,M32,TRUE))) -> 0.45925264
A10: Ability n+0.5 | B10: =IF(OR($B$4+0.5<0.5,$B$4+0.5>15),"",$B$4+0.5) | D10: P+0.5 (ability n+0.5) | E10: =IF($B$10="",-1,IF(N32=0,IF(N29>=$E$5,1,0),1-_xludf.NORM.DIST($E$5-0.5,N29,N32,TRUE))) -> -1
E11: n-1 | F11: n-0.5 | G11: n | H11: n+0.5
D12: Mean correct | E12: =IF($B$7="","",K29) -> 179.46586 | F12: =IF($B$8="","",L29) -> 193.62045 | G12: =IF($B$9="","",M29) -> 199.17213 | H12: =IF($B$10="","",N29)
D13: Accuracy % | E13: =IF($B$7="","",K29/$B$5) -> 0.85459932 | F13: =IF($B$8="","",L29/$B$5) -> 0.92200215 | G13: =IF($B$9="","",M29/$B$5) -> 0.94843873 | H13: =IF($B$10="","",N29/$B$5)
D14: Std dev correct | E14: =IF($B$7="","",K32) -> 4.9600891 | F14: =IF($B$8="","",L32) -> 3.8529591 | G14: =IF($B$9="","",M32) -> 3.2044275 | H14: =IF($B$10="","",N32)
A17: Set | B17: Items | C17: Weight (per item) | D17: Items×Weight | E17: Weight share | F17: Expected questions | G17: p(correct) @ n-1 | H17: p(correct) @ n-0.5 | I17: p(correct) @ n | J17: p(correct) @ n+0.5 | K17: Exp correct @ n-1 | L17: Exp correct @ n-0.5 | M17: Exp correct @ n | N17: Exp correct @ n+0.5
A18: S8 | B18: =INDEX(AccuracyTable!$A$2:$A$31, MATCH($A18, AccuracyTable!$B$2:$B$31, 0)) -> 3785 | C18: 0.2 | D18: =B18*C18 -> 757 | E18: =D18/SUM($D$18:$D$28) -> 0.02020504 | F18: =$B$5*E18 -> 4.2430584 | G18: =IF($B$7="","",INDEX(AccuracyTable!$C$2:$AF$31, MATCH($A18, AccuracyTable!$B$2:$B$31, 0), MATCH($B$7, AccuracyTable!$C$1:$AF$1, 0))) -> 0.95 | H18: =IF($B$8="","",INDEX(AccuracyTable!$C$2:$AF$31, MATCH($A18, AccuracyTable!$B$2:$B$31, 0), MATCH($B$8, AccuracyTable!$C$1:$AF$1, 0))) -> 0.95 | I18: =IF($B$9="","",INDEX(AccuracyTable!$C$2:$AF$31, MATCH($A18, AccuracyTable!$B$2:$B$31, 0), MATCH($B$9, AccuracyTable!$C$1:$AF$1, 0))) -> 0.95 | J18: =IF($B$10="","",INDEX(AccuracyTable!$C$2:$AF$31, MATCH($A18, AccuracyTable!$B$2:$B$31, 0), MATCH($B$10, AccuracyTable!$C$1:$AF$1, 0))) | K18: =IF($B$7="","",F18*G18) -> 4.0309054 | L18: =IF($B$8="","",F18*H18) -> 4.0309054 | M18: =IF($B$9="","",F18*I18) -> 4.0309054 | N18: =IF($B$10="","",F18*J18) | P18: =I18-H18 -> 0
A19: S9 | B19: =INDEX(AccuracyTable!$A$2:$A$31, MATCH($A19, AccuracyTable!$B$2:$B$31, 0)) -> 4374 | C19: 0.3 | D19: =B19*C19 -> 1312.2 | E19: =D19/SUM($D$18:$D$28) -> 0.035023848 | F19: =$B$5*E19 -> 7.3550082 | G19: =IF($B$7="","",INDEX(AccuracyTable!$C$2:$AF$31, MATCH($A19, AccuracyTable!$B$2:$B$31, 0), MATCH($B$7, AccuracyTable!$C$1:$AF$1, 0))) -> 0.95 | H19: =IF($B$8="","",INDEX(AccuracyTable!$C$2:$AF$31, MATCH($A19, AccuracyTable!$B$2:$B$31, 0), MATCH($B$8, AccuracyTable!$C$1:$AF$1, 0))) -> 0.95 | I19: =IF($B$9="","",INDEX(AccuracyTable!$C$2:$AF$31, MATCH($A19, AccuracyTable!$B$2:$B$31, 0), MATCH($B$9, AccuracyTable!$C$1:$AF$1, 0))) -> 0.95 | J19: =IF($B$10="","",INDEX(AccuracyTable!$C$2:$AF$31, MATCH($A19, AccuracyTable!$B$2:$B$31, 0), MATCH($B$10, AccuracyTable!$C$1:$AF$1, 0))) | K19: =IF($B$7="","",F19*G19) -> 6.9872577 | L19: =IF($B$8="","",F19*H19) -> 6.9872577 | M19: =IF($B$9="","",F19*I19) -> 6.9872577 | N19: =IF($B$10="","",F19*J19) | P19: =I19-H19 -> 0
A20: S10 | B20: =INDEX(AccuracyTable!$A$2:$A$31, MATCH($A20, AccuracyTable!$B$2:$B$31, 0)) -> 4503 | C20: 0.4 | D20: =B20*C20 -> 1801.2 | E20: =D20/SUM($D$18:$D$28) -> 0.048075717 | F20: =$B$5*E20 -> 10.095901 | G20: =IF($B$7="","",INDEX(AccuracyTable!$C$2:$AF$31, MATCH($A20, AccuracyTable!$B$2:$B$31, 0), MATCH($B$7, AccuracyTable!$C$1:$AF$1, 0))) -> 0.95 | H20: =IF($B$8="","",INDEX(AccuracyTable!$C$2:$AF$31, MATCH($A20, AccuracyTable!$B$2:$B$31, 0), MATCH($B$8, AccuracyTable!$C$1:$AF$1, 0))) -> 0.95 | I20: =IF($B$9="","",INDEX(AccuracyTable!$C$2:$AF$31, MATCH($A20, AccuracyTable!$B$2:$B$31, 0), MATCH($B$9, AccuracyTable!$C$1:$AF$1, 0))) -> 0.95 | J20: =IF($B$10="","",INDEX(AccuracyTable!$C$2:$AF$31, MATCH($A20, AccuracyTable!$B$2:$B$31, 0), MATCH($B$10, AccuracyTable!$C$1:$AF$1, 0))) | K20: =IF($B$7="","",F20*G20) -> 9.5911055 | L20: =IF($B$8="","",F20*H20) -> 9.5911055 | M20: =IF($B$9="","",F20*I20) -> 9.5911055 | N20: =IF($B$10="","",F20*J20) | P20: =I20-H20 -> 0
A21: S11 | B21: =INDEX(AccuracyTable!$A$2:$A$31, MATCH($A21, AccuracyTable!$B$2:$B$31, 0)) -> 4470 | C21: 0.8 | D21: =B21*C21 -> 3576 | E21: =D21/SUM($D$18:$D$28) -> 0.095446793 | F21: =$B$5*E21 -> 20.043827 | G21: =IF($B$7="","",INDEX(AccuracyTable!$C$2:$AF$31, MATCH($A21, AccuracyTable!$B$2:$B$31, 0), MATCH($B$7, AccuracyTable!$C$1:$AF$1, 0))) -> 0.9474 | H21: =IF($B$8="","",INDEX(AccuracyTable!$C$2:$AF$31, MATCH($A21, AccuracyTable!$B$2:$B$31, 0), MATCH($B$8, AccuracyTable!$C$1:$AF$1, 0))) -> 0.95 | I21: =IF($B$9="","",INDEX(AccuracyTable!$C$2:$AF$31, MATCH($A21, AccuracyTable!$B$2:$B$31, 0), MATCH($B$9, AccuracyTable!$C$1:$AF$1, 0))) -> 0.95 | J21: =IF($B$10="","",INDEX(AccuracyTable!$C$2:$AF$31, MATCH($A21, AccuracyTable!$B$2:$B$31, 0), MATCH($B$10, AccuracyTable!$C$1:$AF$1, 0))) | K21: =IF($B$7="","",F21*G21) -> 18.989521 | L21: =IF($B$8="","",F21*H21) -> 19.041635 | M21: =IF($B$9="","",F21*I21) -> 19.041635 | N21: =IF($B$10="","",F21*J21) | P21: =I21-H21 -> 0
A22: S12 | B22: =INDEX(AccuracyTable!$A$2:$A$31, MATCH($A22, AccuracyTable!$B$2:$B$31, 0)) -> 4276 | C22: 1 | D22: =B22*C22 -> 4276 | E22: =D22/SUM($D$18:$D$28) -> 0.11413045 | F22: =$B$5*E22 -> 23.967394 | G22: =IF($B$7="","",INDEX(AccuracyTable!$C$2:$AF$31, MATCH($A22, AccuracyTable!$B$2:$B$31, 0), MATCH($B$7, AccuracyTable!$C$1:$AF$1, 0))) -> 0.9293 | H22: =IF($B$8="","",INDEX(AccuracyTable!$C$2:$AF$31, MATCH($A22, AccuracyTable!$B$2:$B$31, 0), MATCH($B$8, AccuracyTable!$C$1:$AF$1, 0))) -> 0.9497 | I22: =IF($B$9="","",INDEX(AccuracyTable!$C$2:$AF$31, MATCH($A22, AccuracyTable!$B$2:$B$31, 0), MATCH($B$9, AccuracyTable!$C$1:$AF$1, 0))) -> 0.95 | J22: =IF($B$10="","",INDEX(AccuracyTable!$C$2:$AF$31, MATCH($A22, AccuracyTable!$B$2:$B$31, 0), MATCH($B$10, AccuracyTable!$C$1:$AF$1, 0))) | K22: =IF($B$7="","",F22*G22) -> 22.2729 | L22: =IF($B$8="","",F22*H22) -> 22.761834 | M22: =IF($B$9="","",F22*I22) -> 22.769025 | N22: =IF($B$10="","",F22*J22) | P22: =I22-H22 -> 0.0003
A23: S13 | B23: =INDEX(AccuracyTable!$A$2:$A$31, MATCH($A23, AccuracyTable!$B$2:$B$31, 0)) -> 4380 | C23: 1.4 | D23: =B23*C23 -> 6132 | E23: =D23/SUM($D$18:$D$28) -> 0.16366883 | F23: =$B$5*E23 -> 34.370454 | G23: =IF($B$7="","",INDEX(AccuracyTable!$C$2:$AF$31, MATCH($A23, AccuracyTable!$B$2:$B$31, 0), MATCH($B$7, AccuracyTable!$C$1:$AF$1, 0))) -> 0.8897 | H23: =IF($B$8="","",INDEX(AccuracyTable!$C$2:$AF$31, MATCH($A23, AccuracyTable!$B$2:$B$31, 0), MATCH($B$8, AccuracyTable!$C$1:$AF$1, 0))) -> 0.9458 | I23: =IF($B$9="","",INDEX(AccuracyTable!$C$2:$AF$31, MATCH($A23, AccuracyTable!$B$2:$B$31, 0), MATCH($B$9, AccuracyTable!$C$1:$AF$1, 0))) -> 0.95 | J23: =IF($B$10="","",INDEX(AccuracyTable!$C$2:$AF$31, MATCH($A23, AccuracyTable!$B$2:$B$31, 0), MATCH($B$10, AccuracyTable!$C$1:$AF$1, 0))) | K23: =IF($B$7="","",F23*G23) -> 30.579393 | L23: =IF($B$8="","",F23*H23) -> 32.507576 | M23: =IF($B$9="","",F23*I23) -> 32.651931 | N23: =IF($B$10="","",F23*J23) | P23: =I23-H23 -> 0.0042
A24: S14 | B24: =INDEX(AccuracyTable!$A$2:$A$31, MATCH($A24, AccuracyTable!$B$2:$B$31, 0)) -> 4674 | C24: 1.7 | D24: =B24*C24 -> 7945.8 | E24: =D24/SUM($D$18:$D$28) -> 0.21208085 | F24: =$B$5*E24 -> 44.536979 | G24: =IF($B$7="","",INDEX(AccuracyTable!$C$2:$AF$31, MATCH($A24, AccuracyTable!$B$2:$B$31, 0), MATCH($B$7, AccuracyTable!$C$1:$AF$1, 0))) -> 0.848 | H24: =IF($B$8="","",INDEX(AccuracyTable!$C$2:$AF$31, MATCH($A24, AccuracyTable!$B$2:$B$31, 0), MATCH($B$8, AccuracyTable!$C$1:$AF$1, 0))) -> 0.9312 | I24: =IF($B$9="","",INDEX(AccuracyTable!$C$2:$AF$31, MATCH($A24, AccuracyTable!$B$2:$B$31, 0), MATCH($B$9, AccuracyTable!$C$1:$AF$1, 0))) -> 0.9498 | J24: =IF($B$10="","",INDEX(AccuracyTable!$C$2:$AF$31, MATCH($A24, AccuracyTable!$B$2:$B$31, 0), MATCH($B$10, AccuracyTable!$C$1:$AF$1, 0))) | K24: =IF($B$7="","",F24*G24) -> 37.767358 | L24: =IF($B$8="","",F24*H24) -> 41.472835 | M24: =IF($B$9="","",F24*I24) -> 42.301223 | N24: =IF($B$10="","",F24*J24) | P24: =I24-H24 -> 0.0186
A25: S15 | B25: =INDEX(AccuracyTable!$A$2:$A$31, MATCH($A25, AccuracyTable!$B$2:$B$31, 0)) -> 5269 | C25: 2 | D25: =B25*C25 -> 10538 | E25: =D25/SUM($D$18:$D$28) -> 0.2812691 | F25: =$B$5*E25 -> 59.066511 | G25: =IF($B$7="","",INDEX(AccuracyTable!$C$2:$AF$31, MATCH($A25, AccuracyTable!$B$2:$B$31, 0), MATCH($B$7, AccuracyTable!$C$1:$AF$1, 0))) -> 0.7321 | H25: =IF($B$8="","",INDEX(AccuracyTable!$C$2:$AF$31, MATCH($A25, AccuracyTable!$B$2:$B$31, 0), MATCH($B$8, AccuracyTable!$C$1:$AF$1, 0))) -> 0.8672 | I25: =IF($B$9="","",INDEX(AccuracyTable!$C$2:$AF$31, MATCH($A25, AccuracyTable!$B$2:$B$31, 0), MATCH($B$9, AccuracyTable!$C$1:$AF$1, 0))) -> 0.9446 | J25: =IF($B$10="","",INDEX(AccuracyTable!$C$2:$AF$31, MATCH($A25, AccuracyTable!$B$2:$B$31, 0), MATCH($B$10, AccuracyTable!$C$1:$AF$1, 0))) | K25: =IF($B$7="","",F25*G25) -> 43.242593 | L25: =IF($B$8="","",F25*H25) -> 51.222478 | M25: =IF($B$9="","",F25*I25) -> 55.794226 | N25: =IF($B$10="","",F25*J25) | P25: =I25-H25 -> 0.0774
A26: L13 | B26: =INDEX(AccuracyTable!$A$2:$A$31, MATCH($A26, AccuracyTable!$B$2:$B$31, 0)) -> 2072 | C26: 0 | D26: =B26*C26 -> 0 | E26: =D26/SUM($D$18:$D$28) -> 0 | F26: =$B$5*E26 -> 0 | G26: =IF($B$7="","",INDEX(AccuracyTable!$C$2:$AF$31, MATCH($A26, AccuracyTable!$B$2:$B$31, 0), MATCH($B$7, AccuracyTable!$C$1:$AF$1, 0))) -> 0.95 | H26: =IF($B$8="","",INDEX(AccuracyTable!$C$2:$AF$31, MATCH($A26, AccuracyTable!$B$2:$B$31, 0), MATCH($B$8, AccuracyTable!$C$1:$AF$1, 0))) -> 0.95 | I26: =IF($B$9="","",INDEX(AccuracyTable!$C$2:$AF$31, MATCH($A26, AccuracyTable!$B$2:$B$31, 0), MATCH($B$9, AccuracyTable!$C$1:$AF$1, 0))) -> 0.95 | J26: =IF($B$10="","",INDEX(AccuracyTable!$C$2:$AF$31, MATCH($A26, AccuracyTable!$B$2:$B$31, 0), MATCH($B$10, AccuracyTable!$C$1:$AF$1, 0))) | K26: =IF($B$7="","",F26*G26) -> 0 | L26: =IF($B$8="","",F26*H26) -> 0 | M26: =IF($B$9="","",F26*I26) -> 0 | N26: =IF($B$10="","",F26*J26) | P26: =I26-H26 -> 0
A27: L14 | B27: =INDEX(AccuracyTable!$A$2:$A$31, MATCH($A27, AccuracyTable!$B$2:$B$31, 0)) -> 2433 | C27: 0.2 | D27: =B27*C27 -> 486.6 | E27: =D27/SUM($D$18:$D$28) -> 0.01298781 | F27: =$B$5*E27 -> 2.7274402 | G27: =IF($B$7="","",INDEX(AccuracyTable!$C$2:$AF$31, MATCH($A27, AccuracyTable!$B$2:$B$31, 0), MATCH($B$7, AccuracyTable!$C$1:$AF$1, 0))) -> 0.95 | H27: =IF($B$8="","",INDEX(AccuracyTable!$C$2:$AF$31, MATCH($A27, AccuracyTable!$B$2:$B$31, 0), MATCH($B$8, AccuracyTable!$C$1:$AF$1, 0))) -> 0.95 | I27: =IF($B$9="","",INDEX(AccuracyTable!$C$2:$AF$31, MATCH($A27, AccuracyTable!$B$2:$B$31, 0), MATCH($B$9, AccuracyTable!$C$1:$AF$1, 0))) -> 0.95 | J27: =IF($B$10="","",INDEX(AccuracyTable!$C$2:$AF$31, MATCH($A27, AccuracyTable!$B$2:$B$31, 0), MATCH($B$10, AccuracyTable!$C$1:$AF$1, 0))) | K27: =IF($B$7="","",F27*G27) -> 2.5910681 | L27: =IF($B$8="","",F27*H27) -> 2.5910681 | M27: =IF($B$9="","",F27*I27) -> 2.5910681 | N27: =IF($B$10="","",F27*J27) | P27: =I27-H27 -> 0
A28: L15 | B28: =INDEX(AccuracyTable!$A$2:$A$31, MATCH($A28, AccuracyTable!$B$2:$B$31, 0)) -> 2137 | C28: 0.3 | D28: =B28*C28 -> 641.1 | E28: =D28/SUM($D$18:$D$28) -> 0.01711156 | F28: =$B$5*E28 -> 3.5934276 | G28: =IF($B$7="","",INDEX(AccuracyTable!$C$2:$AF$31, MATCH($A28, AccuracyTable!$B$2:$B$31, 0), MATCH($B$7, AccuracyTable!$C$1:$AF$1, 0))) -> 0.95 | H28: =IF($B$8="","",INDEX(AccuracyTable!$C$2:$AF$31, MATCH($A28, AccuracyTable!$B$2:$B$31, 0), MATCH($B$8, AccuracyTable!$C$1:$AF$1, 0))) -> 0.95 | I28: =IF($B$9="","",INDEX(AccuracyTable!$C$2:$AF$31, MATCH($A28, AccuracyTable!$B$2:$B$31, 0), MATCH($B$9, AccuracyTable!$C$1:$AF$1, 0))) -> 0.95 | J28: =IF($B$10="","",INDEX(AccuracyTable!$C$2:$AF$31, MATCH($A28, AccuracyTable!$B$2:$B$31, 0), MATCH($B$10, AccuracyTable!$C$1:$AF$1, 0))) | K28: =IF($B$7="","",F28*G28) -> 3.4137562 | L28: =IF($B$8="","",F28*H28) -> 3.4137562 | M28: =IF($B$9="","",F28*I28) -> 3.4137562 | N28: =IF($B$10="","",F28*J28) | P28: =I28-H28 -> 0
A29: TOTAL | D29: =SUM($D$18:$D$28) -> 37465.9 | E29: =SUM($E$18:$E$28) -> 1 | F29: =SUM($F$18:$F$28) -> 210 | K29: =SUM($K$18:$K$28) -> 179.46586 | L29: =SUM($L$18:$L$28) -> 193.62045 | M29: =SUM($M$18:$M$28) -> 199.17213 | N29: =SUM($N$18:$N$28) -> 0
A31: Variance (approx) | K31: =IF($B$7="","",SUMPRODUCT($F$18:$F$28,$G$18:$G$28,(1-$G$18:$G$28))) -> 24.602484 | L31: =IF($B$8="","",SUMPRODUCT($F$18:$F$28,$H$18:$H$28,(1-$H$18:$H$28))) -> 14.845293 | M31: =IF($B$9="","",SUMPRODUCT($F$18:$F$28,$I$18:$I$28,(1-$I$18:$I$28))) -> 10.268356 | N31: =IF($B$10="","",SUMPRODUCT($F$18:$F$28,$J$18:$J$28,(1-$J$18:$J$28)))
A32: Std dev (approx) | K32: =IF($B$7="","",SQRT(K31)) -> 4.9600891 | L32: =IF($B$8="","",SQRT(L31)) -> 3.8529591 | M32: =IF($B$9="","",SQRT(M31)) -> 3.2044275 | N32: =IF($B$10="","",SQRT(N31))
